ARGODB_COMPUTING,argodb-1.0,1536654666
ARGODB_COMPUTING,argodb-1.0.0-final,1539759738
ARGODB_COMPUTING,argodb-1.0.0-rc0,1536049838
ARGODB_COMPUTING,argodb-1.0.0-rc1,1536654666
ARGODB_STORAGE,argodb-1.0,1536654666
ARGODB_STORAGE,argodb-1.0.0-final,1539759738
ARGODB_STORAGE,argodb-1.0.0-rc0,1536049838
ARGODB_STORAGE,argodb-1.0.0-rc1,1536654666
CODIS,transwarp-5.2,1533870751
CODIS,transwarp-5.2.0-final,1528461601
CODIS,transwarp-5.2.0-rc0,1532523212
CODIS,transwarp-5.2.0-rc1,1532523212
CODIS,transwarp-5.2.0-rc2,1532523212
CODIS,transwarp-5.2.0-rc3,1532523212
CODIS,transwarp-5.2.0-rc4,1532523212
CODIS,transwarp-5.2.0-rc5,1532523212
CODIS,transwarp-5.2.1-final,1532934991
CODIS,transwarp-5.2.1-rc0,1532523212
CODIS,transwarp-5.2.1-rc1,1532523212
CODIS,transwarp-5.2.1-rc2,1532523212
CODIS,transwarp-5.2.2-final,1534302874
CODIS,transwarp-5.2.2-rc0,1533803091
CODIS,transwarp-5.2.2-rc1,1534149696
CODIS,transwarp-5.2.3-rc0,1541400980
CODIS,transwarp-6.0,1540293251
CODIS,transwarp-6.0.0-final,1536288970
CODIS,transwarp-6.0.0-rc0,1534497354
CODIS,transwarp-6.0.0-rc1,1534993611
CODIS,transwarp-6.0.0-rc2,1535473677
CODIS,transwarp-6.0.0-rc3,1535958716
CODIS,transwarp-6.0.1-final,1541673832
CODIS,transwarp-6.0.1-rc0,1540367760
CODIS,transwarp-6.0.1-rc1,1540814547
CODIS,transwarp-6.0.1-rc2,1541396852
CODIS,transwarp-6.1,1540293251
DASHBOARD,1.5,1501124826
DASHBOARD,manager-6.0,1540805604
DASHBOARD,manager-6.0.1810a-final,1540190961
DASHBOARD,manager-6.0.1810a-rc0,1539618494
DASHBOARD,manager-6.0.1811a-final,1541673832
DASHBOARD,manager-6.0.1811a-rc0,1540369145
DASHBOARD,manager-6.0.1811a-rc1,1540814547
DASHBOARD,transwarp-5.0,1506700800
DASHBOARD,transwarp-5.0.0-final,1504751880
DASHBOARD,transwarp-5.0.0-rc5,1502528100
DASHBOARD,transwarp-5.0.0-rc6,1504684662
DASHBOARD,transwarp-5.0.0-rc7,1504352880
DASHBOARD,transwarp-5.0.1-final,1510568927
DASHBOARD,transwarp-5.0.1-rc0,1509973983
DASHBOARD,transwarp-5.0.1-rc1,1510141121
DASHBOARD,transwarp-5.1,1527577802
DASHBOARD,transwarp-5.1.0-final,1512387545
DASHBOARD,transwarp-5.1.0-rc1,1509703781
DASHBOARD,transwarp-5.1.0-rc2,1510135775
DASHBOARD,transwarp-5.1.0-rc3,1510571995
DASHBOARD,transwarp-5.1.0-rc4,1511429823
DASHBOARD,transwarp-5.1.0-rc5,1511866544
DASHBOARD,transwarp-5.1.0-rc6,1511953063
DASHBOARD,transwarp-5.1.0-rc7,1512036034
DASHBOARD,transwarp-5.1.1-final,1515403733
DASHBOARD,transwarp-5.1.1-rc0,1514284115
DASHBOARD,transwarp-5.1.1-rc1,1514541659
DASHBOARD,transwarp-5.1.1-rc2,1515124187
DASHBOARD,transwarp-5.1.2-final,1519632186
DASHBOARD,transwarp-5.1.2-rc0,1517313204
DASHBOARD,transwarp-5.1.2-rc1,1517562509
DASHBOARD,transwarp-5.1.2-rc2,1518084765
DASHBOARD,transwarp-5.1.2-rc3,1518430329
DASHBOARD,transwarp-5.1.3-final,1524829136
DASHBOARD,transwarp-5.1.4-final,1525860833
DASHBOARD,transwarp-5.1.4-rc0,1526023938
DASHBOARD,transwarp-5.1.4-rc1,1526464771
DASHBOARD,transwarp-5.1.5-final,1528459243
DASHBOARD,transwarp-5.1.5-rc0,1527770285
DASHBOARD,transwarp-5.1.6-final,1530252427
DASHBOARD,transwarp-5.1.6-rc0,1529655163
DASHBOARD,transwarp-5.2,1527577802
DASHBOARD,transwarp-5.2.0-final,1528461601
DASHBOARD,transwarp-5.2.0-rc0,1521610840
DASHBOARD,transwarp-5.2.0-rc1,1524131529
DASHBOARD,transwarp-5.2.0-rc2,1525425907
DASHBOARD,transwarp-5.2.0-rc3,1526032458
DASHBOARD,transwarp-5.2.0-rc4,1527070351
DASHBOARD,transwarp-5.2.0-rc5,1527679836
DASHBOARD,transwarp-5.2.1-final,1532934991
DASHBOARD,transwarp-5.2.1-rc0,1531212803
DASHBOARD,transwarp-5.2.1-rc1,1531988466
DASHBOARD,transwarp-5.2.1-rc2,1532503537
DASHBOARD,transwarp-5.2.2-final,1534302874
DASHBOARD,transwarp-5.2.2-rc0,1533803091
DASHBOARD,transwarp-5.2.2-rc1,1534149696
DASHBOARD,transwarp-5.2.3-rc0,1541400980
DASHBOARD,transwarp-6.0.0-final,1536288970
DASHBOARD,transwarp-6.0.0-rc0,1534497653
DASHBOARD,transwarp-6.0.0-rc1,1534993611
DASHBOARD,transwarp-6.0.0-rc2,1535473677
DASHBOARD,transwarp-6.0.0-rc3,1535958716
DASHBOARD,transwarp-ce-1.0,1506700800
DASHBOARD,transwarp-ce-1.0.0-final,1508493014
DASHBOARD,transwarp-ce-1.1,1527577802
DASHBOARD,transwarp-ce-1.1.0-final,1528287659
DISCOVER,1,1501124826
DISCOVER,transwarp-5.0,1510568927
DISCOVER,transwarp-5.0.0-final,1504751880
DISCOVER,transwarp-5.0.0-rc5,1502528100
DISCOVER,transwarp-5.0.0-rc6,1504684662
DISCOVER,transwarp-5.0.0-rc7,1504352880
DISCOVER,transwarp-5.0.1-final,1510568927
DISCOVER,transwarp-5.0.1-rc0,1509973983
DISCOVER,transwarp-5.0.1-rc1,1510141121
DISCOVER,transwarp-5.1,1534237792
DISCOVER,transwarp-5.1.0-final,1512387545
DISCOVER,transwarp-5.1.0-rc1,1509703781
DISCOVER,transwarp-5.1.0-rc2,1510135775
DISCOVER,transwarp-5.1.0-rc3,1510571995
DISCOVER,transwarp-5.1.0-rc4,1511429823
DISCOVER,transwarp-5.1.0-rc5,1511866544
DISCOVER,transwarp-5.1.0-rc6,1511953063
DISCOVER,transwarp-5.1.0-rc7,1512036034
DISCOVER,transwarp-5.1.1-final,1515403733
DISCOVER,transwarp-5.1.1-rc0,1514284115
DISCOVER,transwarp-5.1.1-rc1,1514541659
DISCOVER,transwarp-5.1.1-rc2,1515124187
DISCOVER,transwarp-5.1.2-final,1519632186
DISCOVER,transwarp-5.1.2-rc0,1517313204
DISCOVER,transwarp-5.1.2-rc1,1517562509
DISCOVER,transwarp-5.1.2-rc2,1518084765
DISCOVER,transwarp-5.1.2-rc3,1518430329
DISCOVER,transwarp-5.1.3-final,1524829136
DISCOVER,transwarp-5.1.4-final,1526702281
DISCOVER,transwarp-5.1.4-rc0,1526023938
DISCOVER,transwarp-5.1.4-rc1,1526464771
DISCOVER,transwarp-5.1.5-final,1528459243
DISCOVER,transwarp-5.1.5-rc0,1527770285
DISCOVER,transwarp-5.1.6-final,1530254540
DISCOVER,transwarp-5.1.6-rc0,1529655163
DISCOVER,transwarp-5.2,1536311822
DISCOVER,transwarp-5.2.0-final,1528461601
DISCOVER,transwarp-5.2.0-rc0,1521610840
DISCOVER,transwarp-5.2.0-rc1,1524131529
DISCOVER,transwarp-5.2.0-rc2,1525425907
DISCOVER,transwarp-5.2.0-rc3,1526032458
DISCOVER,transwarp-5.2.0-rc4,1527070351
DISCOVER,transwarp-5.2.0-rc5,1527679836
DISCOVER,transwarp-5.2.1-final,1532934991
DISCOVER,transwarp-5.2.1-rc0,1531212803
DISCOVER,transwarp-5.2.1-rc1,1532350129
DISCOVER,transwarp-5.2.1-rc2,1532503537
DISCOVER,transwarp-5.2.2-final,1534302874
DISCOVER,transwarp-5.2.2-rc0,1533803091
DISCOVER,transwarp-5.2.2-rc1,1534149696
DISCOVER,transwarp-5.2.3-rc0,1541400980
DISCOVER,transwarp-6.0,1540293251
DISCOVER,transwarp-6.0.0-final,1536288970
DISCOVER,transwarp-6.0.0-rc0,1534497653
DISCOVER,transwarp-6.0.0-rc1,1534993611
DISCOVER,transwarp-6.0.0-rc2,1535473677
DISCOVER,transwarp-6.0.0-rc3,1535958716
DISCOVER,transwarp-6.0.1-final,1541673832
DISCOVER,transwarp-6.0.1-rc0,1540367760
DISCOVER,transwarp-6.0.1-rc1,1540814547
DISCOVER,transwarp-6.0.1-rc2,1541396852
DISCOVER,transwarp-6.1,1540293251
DISCOVER,transwarp-ce-1.0,1507868987
DISCOVER,transwarp-ce-1.0.0-final,1508493014
DISCOVER,transwarp-ce-1.1,1522725029
DISCOVER,transwarp-ce-1.1.0-final,1528287659
FLANNEL,manager-6.0,1540889415
FLANNEL,manager-6.0.1810a-final,1540190961
FLANNEL,manager-6.0.1810a-rc0,1539618494
FLANNEL,manager-6.0.1811a-final,1541673832
FLANNEL,manager-6.0.1811a-rc0,1540369145
FLANNEL,manager-6.0.1811a-rc1,1540889415
FLANNEL,transwarp-5.2,1534990230
FLANNEL,transwarp-5.2.1-final,1532934991
FLANNEL,transwarp-5.2.1-rc0,1531212803
FLANNEL,transwarp-5.2.1-rc1,1531988466
FLANNEL,transwarp-5.2.1-rc2,1532503537
FLANNEL,transwarp-5.2.2-final,1534302874
FLANNEL,transwarp-5.2.2-rc0,1533803091
FLANNEL,transwarp-5.2.2-rc1,1534149696
FLANNEL,transwarp-5.2.3-rc0,1541400980
FLANNEL,transwarp-6.0.0-final,1540805604
FLANNEL,transwarp-6.0.0-rc0,1534497653
FLANNEL,transwarp-6.0.0-rc1,1534993611
FLANNEL,transwarp-6.0.0-rc2,1535473677
FLANNEL,transwarp-6.0.0-rc3,1535958716
GOVERNOR,1.0,1501124826
GOVERNOR,transwarp-5.0,1510568927
GOVERNOR,transwarp-5.0.0-final,1504751880
GOVERNOR,transwarp-5.0.0-rc5,1502528100
GOVERNOR,transwarp-5.0.0-rc6,1504092600
GOVERNOR,transwarp-5.0.0-rc7,1504352880
GOVERNOR,transwarp-5.0.1-final,1510568927
GOVERNOR,transwarp-5.0.1-rc0,1509973983
GOVERNOR,transwarp-5.0.1-rc1,1510141121
GOVERNOR,transwarp-5.1,1529655163
GOVERNOR,transwarp-5.1.0-final,1512387545
GOVERNOR,transwarp-5.1.0-rc1,1509703781
GOVERNOR,transwarp-5.1.0-rc2,1510135775
GOVERNOR,transwarp-5.1.0-rc3,1510571995
GOVERNOR,transwarp-5.1.0-rc4,1511429823
GOVERNOR,transwarp-5.1.0-rc5,1511866544
GOVERNOR,transwarp-5.1.0-rc6,1511953063
GOVERNOR,transwarp-5.1.0-rc7,1512036034
GOVERNOR,transwarp-5.1.1-final,1515403733
GOVERNOR,transwarp-5.1.1-rc0,1514284115
GOVERNOR,transwarp-5.1.1-rc1,1514541659
GOVERNOR,transwarp-5.1.1-rc2,1515124187
GOVERNOR,transwarp-5.1.2-final,1519632186
GOVERNOR,transwarp-5.1.2-rc0,1517313204
GOVERNOR,transwarp-5.1.2-rc1,1517562509
GOVERNOR,transwarp-5.1.2-rc2,1518084765
GOVERNOR,transwarp-5.1.2-rc3,1518430329
GOVERNOR,transwarp-5.1.3-final,1524829136
GOVERNOR,transwarp-5.1.4-final,1526702281
GOVERNOR,transwarp-5.1.4-rc0,1526023938
GOVERNOR,transwarp-5.1.4-rc1,1526464771
GOVERNOR,transwarp-5.1.5-final,1528459243
GOVERNOR,transwarp-5.1.5-rc0,1527770285
GOVERNOR,transwarp-5.1.6-final,1530252427
GOVERNOR,transwarp-5.1.6-rc0,1529655163
GOVERNOR,transwarp-5.2,1540383122
GOVERNOR,transwarp-5.2.0-final,1528461601
GOVERNOR,transwarp-5.2.0-rc0,1521610840
GOVERNOR,transwarp-5.2.0-rc1,1524131529
GOVERNOR,transwarp-5.2.0-rc2,1525425907
GOVERNOR,transwarp-5.2.0-rc3,1526032458
GOVERNOR,transwarp-5.2.0-rc4,1527070351
GOVERNOR,transwarp-5.2.0-rc5,1527679836
GOVERNOR,transwarp-5.2.1-final,1532934991
GOVERNOR,transwarp-5.2.1-rc0,1531212803
GOVERNOR,transwarp-5.2.1-rc1,1531988466
GOVERNOR,transwarp-5.2.1-rc2,1532503537
GOVERNOR,transwarp-5.2.2-final,1534302874
GOVERNOR,transwarp-5.2.2-rc0,1533803091
GOVERNOR,transwarp-5.2.2-rc1,1534149696
GOVERNOR,transwarp-5.2.3-rc0,1541400980
GOVERNOR,transwarp-6.0,1541648263
GOVERNOR,transwarp-6.0.0-final,1536288970
GOVERNOR,transwarp-6.0.0-rc0,1534497653
GOVERNOR,transwarp-6.0.0-rc1,1535283675
GOVERNOR,transwarp-6.0.0-rc2,1535473677
GOVERNOR,transwarp-6.0.0-rc3,1535958716
GOVERNOR,transwarp-6.0.1-final,1541673832
GOVERNOR,transwarp-6.0.1-rc0,1540367760
GOVERNOR,transwarp-6.0.1-rc1,1540814547
GOVERNOR,transwarp-6.0.1-rc2,1541396852
GOVERNOR,transwarp-6.1,1541648263
GUARDIAN,2,1501124826
GUARDIAN,transwarp-5.0,1510568927
GUARDIAN,transwarp-5.0.0-final,1504751880
GUARDIAN,transwarp-5.0.0-rc5,1502528100
GUARDIAN,transwarp-5.0.0-rc6,1504092600
GUARDIAN,transwarp-5.0.0-rc7,1504352880
GUARDIAN,transwarp-5.0.1-final,1510568927
GUARDIAN,transwarp-5.0.1-rc0,1509973983
GUARDIAN,transwarp-5.0.1-rc1,1510141121
GUARDIAN,transwarp-5.1,1529655163
GUARDIAN,transwarp-5.1.0-final,1512387545
GUARDIAN,transwarp-5.1.0-rc1,1509703781
GUARDIAN,transwarp-5.1.0-rc2,1510135775
GUARDIAN,transwarp-5.1.0-rc3,1510571995
GUARDIAN,transwarp-5.1.0-rc4,1511429823
GUARDIAN,transwarp-5.1.0-rc5,1511866735
GUARDIAN,transwarp-5.1.0-rc6,1511953063
GUARDIAN,transwarp-5.1.0-rc7,1512036034
GUARDIAN,transwarp-5.1.1-final,1515403733
GUARDIAN,transwarp-5.1.1-rc0,1514284115
GUARDIAN,transwarp-5.1.1-rc1,1514541659
GUARDIAN,transwarp-5.1.1-rc2,1515124187
GUARDIAN,transwarp-5.1.2-final,1519632186
GUARDIAN,transwarp-5.1.2-rc0,1517313204
GUARDIAN,transwarp-5.1.2-rc1,1517562509
GUARDIAN,transwarp-5.1.2-rc2,1518084765
GUARDIAN,transwarp-5.1.2-rc3,1518430329
GUARDIAN,transwarp-5.1.3-final,1524829136
GUARDIAN,transwarp-5.1.4-final,1526702281
GUARDIAN,transwarp-5.1.4-rc0,1526023938
GUARDIAN,transwarp-5.1.4-rc1,1526464771
GUARDIAN,transwarp-5.1.5-final,1528459243
GUARDIAN,transwarp-5.1.5-rc0,1527770285
GUARDIAN,transwarp-5.1.6-final,1530252427
GUARDIAN,transwarp-5.1.6-rc0,1529655163
GUARDIAN,transwarp-5.2,1531212803
GUARDIAN,transwarp-5.2.0-final,1528461601
GUARDIAN,transwarp-5.2.0-rc0,1521610840
GUARDIAN,transwarp-5.2.0-rc1,1524131529
GUARDIAN,transwarp-5.2.0-rc2,1525425907
GUARDIAN,transwarp-5.2.0-rc3,1526032458
GUARDIAN,transwarp-5.2.0-rc4,1527070351
GUARDIAN,transwarp-5.2.0-rc5,1527679836
GUARDIAN,transwarp-5.2.1-final,1532934991
GUARDIAN,transwarp-5.2.1-rc0,1531212803
GUARDIAN,transwarp-5.2.1-rc1,1531988466
GUARDIAN,transwarp-5.2.1-rc2,1532503537
GUARDIAN,transwarp-5.2.2-final,1534302874
GUARDIAN,transwarp-5.2.2-rc0,1533803091
GUARDIAN,transwarp-5.2.2-rc1,1534149696
GUARDIAN,transwarp-5.2.3-rc0,1541400980
GUARDIAN,transwarp-6.0,1540293251
GUARDIAN,transwarp-6.0.0-final,1536288970
GUARDIAN,transwarp-6.0.0-rc0,1534497354
GUARDIAN,transwarp-6.0.0-rc1,1534993611
GUARDIAN,transwarp-6.0.0-rc2,1535473677
GUARDIAN,transwarp-6.0.0-rc3,1535958716
GUARDIAN,transwarp-6.0.1-final,1541673832
GUARDIAN,transwarp-6.0.1-rc0,1540367760
GUARDIAN,transwarp-6.0.1-rc1,1540814547
GUARDIAN,transwarp-6.0.1-rc2,1541396852
GUARDIAN,transwarp-6.1,1540293251
HBASE,transwarp-5.1,1535801771
HBASE,transwarp-5.1.1-final,1515403733
HBASE,transwarp-5.1.1-rc0,1514284115
HBASE,transwarp-5.1.1-rc1,1514541659
HBASE,transwarp-5.1.1-rc2,1515124187
HBASE,transwarp-5.1.2-final,1519632186
HBASE,transwarp-5.1.2-rc0,1517313204
HBASE,transwarp-5.1.2-rc1,1517562509
HBASE,transwarp-5.1.2-rc2,1518084765
HBASE,transwarp-5.1.2-rc3,1518430329
HBASE,transwarp-5.1.3-final,1524829136
HBASE,transwarp-5.1.4-final,1526702281
HBASE,transwarp-5.1.4-rc0,1526023938
HBASE,transwarp-5.1.4-rc1,1526464771
HBASE,transwarp-5.1.5-final,1528459243
HBASE,transwarp-5.1.5-rc0,1527770285
HBASE,transwarp-5.1.6-final,1530252427
HBASE,transwarp-5.1.6-rc0,1529655163
HBASE,transwarp-5.2,1535801771
HBASE,transwarp-5.2.0-final,1528461601
HBASE,transwarp-5.2.0-rc0,1521610840
HBASE,transwarp-5.2.0-rc1,1524131529
HBASE,transwarp-5.2.0-rc2,1525425907
HBASE,transwarp-5.2.0-rc3,1526032458
HBASE,transwarp-5.2.0-rc4,1527070351
HBASE,transwarp-5.2.0-rc5,1527679836
HBASE,transwarp-5.2.1-final,1532934991
HBASE,transwarp-5.2.1-rc0,1531212803
HBASE,transwarp-5.2.1-rc1,1531988466
HBASE,transwarp-5.2.1-rc2,1532503537
HBASE,transwarp-5.2.2-final,1534302874
HBASE,transwarp-5.2.2-rc0,1533803091
HBASE,transwarp-5.2.2-rc1,1534149696
HBASE,transwarp-5.2.3-rc0,1541400980
HBASE,transwarp-6.0,1540293251
HBASE,transwarp-6.0.0-final,1536288970
HBASE,transwarp-6.0.0-rc0,1534497653
HBASE,transwarp-6.0.0-rc1,1534993611
HBASE,transwarp-6.0.0-rc2,1535473677
HBASE,transwarp-6.0.0-rc3,1535958716
HBASE,transwarp-6.0.1-final,1541673832
HBASE,transwarp-6.0.1-rc0,1540367760
HBASE,transwarp-6.0.1-rc1,1540814547
HBASE,transwarp-6.0.1-rc2,1541396852
HBASE,transwarp-6.1,1540293251
HDFS,2.5.2,1501124826
HDFS,transwarp-5.0,1536211593
HDFS,transwarp-5.0.0-final,1504751880
HDFS,transwarp-5.0.0-rc5,1502528100
HDFS,transwarp-5.0.0-rc6,1504092600
HDFS,transwarp-5.0.0-rc7,1504352880
HDFS,transwarp-5.0.1-final,1510568927
HDFS,transwarp-5.0.1-rc0,1509973983
HDFS,transwarp-5.0.1-rc1,1510141121
HDFS,transwarp-5.1,1536211593
HDFS,transwarp-5.1.0-final,1512387545
HDFS,transwarp-5.1.0-rc1,1509703781
HDFS,transwarp-5.1.0-rc2,1510135775
HDFS,transwarp-5.1.0-rc3,1510571995
HDFS,transwarp-5.1.0-rc4,1511429823
HDFS,transwarp-5.1.0-rc5,1511866544
HDFS,transwarp-5.1.0-rc6,1511953063
HDFS,transwarp-5.1.0-rc7,1512036034
HDFS,transwarp-5.1.1-final,1515403733
HDFS,transwarp-5.1.1-rc0,1514284115
HDFS,transwarp-5.1.1-rc1,1514541659
HDFS,transwarp-5.1.1-rc2,1515124187
HDFS,transwarp-5.1.2-final,1519632186
HDFS,transwarp-5.1.2-rc0,1517313204
HDFS,transwarp-5.1.2-rc1,1517562509
HDFS,transwarp-5.1.2-rc2,1518084765
HDFS,transwarp-5.1.2-rc3,1518430329
HDFS,transwarp-5.1.3-final,1524829136
HDFS,transwarp-5.1.4-final,1526702281
HDFS,transwarp-5.1.4-rc0,1526023938
HDFS,transwarp-5.1.4-rc1,1526464771
HDFS,transwarp-5.1.5-final,1528459243
HDFS,transwarp-5.1.5-rc0,1527770285
HDFS,transwarp-5.1.6-final,1530521916
HDFS,transwarp-5.1.6-rc0,1529655163
HDFS,transwarp-5.2,1540383122
HDFS,transwarp-5.2.0-final,1528461601
HDFS,transwarp-5.2.0-rc0,1521610840
HDFS,transwarp-5.2.0-rc1,1524131529
HDFS,transwarp-5.2.0-rc2,1525425907
HDFS,transwarp-5.2.0-rc3,1526032458
HDFS,transwarp-5.2.0-rc4,1527070351
HDFS,transwarp-5.2.0-rc5,1527679836
HDFS,transwarp-5.2.1-final,1532934991
HDFS,transwarp-5.2.1-rc0,1531212803
HDFS,transwarp-5.2.1-rc1,1531988466
HDFS,transwarp-5.2.1-rc2,1532503537
HDFS,transwarp-5.2.2-final,1534302874
HDFS,transwarp-5.2.2-rc0,1533803091
HDFS,transwarp-5.2.2-rc1,1534149696
HDFS,transwarp-5.2.3-rc0,1541400980
HDFS,transwarp-6.0,1539603220
HDFS,transwarp-6.0.0-final,1536288970
HDFS,transwarp-6.0.0-rc0,1534497653
HDFS,transwarp-6.0.0-rc1,1534993611
HDFS,transwarp-6.0.0-rc2,1535473677
HDFS,transwarp-6.0.0-rc3,1535958716
HDFS,transwarp-6.0.1-final,1541673832
HDFS,transwarp-6.0.1-rc0,1540367760
HDFS,transwarp-6.0.1-rc1,1540814547
HDFS,transwarp-6.0.1-rc2,1541396852
HDFS,transwarp-6.1,1539603220
HDFS,transwarp-ce-1.0,1536211593
HDFS,transwarp-ce-1.0.0-final,1508493014
HDFS,transwarp-ce-1.1,1536211593
HDFS,transwarp-ce-1.1.0-final,1528287659
HUE,3.8.1,1508489961
HUE,transwarp-5.0,1509973983
HUE,transwarp-5.0.0-final,1508132520
HUE,transwarp-5.0.0-rc5,1502528100
HUE,transwarp-5.0.0-rc6,1504092600
HUE,transwarp-5.0.0-rc7,1504352880
HUE,transwarp-5.0.1-final,1510568927
HUE,transwarp-5.0.1-rc0,1509973983
HUE,transwarp-5.0.1-rc1,1510141121
HYPERBASE,1.0,1501124826
HYPERBASE,transwarp-5.0,1535801771
HYPERBASE,transwarp-5.0.0-final,1504751880
HYPERBASE,transwarp-5.0.0-rc5,1502528100
HYPERBASE,transwarp-5.0.0-rc6,1504092600
HYPERBASE,transwarp-5.0.0-rc7,1504352880
HYPERBASE,transwarp-5.0.1-final,1510568927
HYPERBASE,transwarp-5.0.1-rc0,1509973983
HYPERBASE,transwarp-5.0.1-rc1,1510141121
HYPERBASE,transwarp-5.1,1535801771
HYPERBASE,transwarp-5.1.0-final,1512387545
HYPERBASE,transwarp-5.1.0-rc1,1509703781
HYPERBASE,transwarp-5.1.0-rc2,1510135775
HYPERBASE,transwarp-5.1.0-rc3,1510571995
HYPERBASE,transwarp-5.1.0-rc4,1511429823
HYPERBASE,transwarp-5.1.0-rc5,1511866544
HYPERBASE,transwarp-5.1.0-rc6,1511953063
HYPERBASE,transwarp-5.1.0-rc7,1512036034
HYPERBASE,transwarp-5.1.1-final,1515403733
HYPERBASE,transwarp-5.1.1-rc0,1514284115
HYPERBASE,transwarp-5.1.1-rc1,1514541659
HYPERBASE,transwarp-5.1.1-rc2,1515124187
HYPERBASE,transwarp-5.1.2-final,1519632186
HYPERBASE,transwarp-5.1.2-rc0,1517313204
HYPERBASE,transwarp-5.1.2-rc1,1517562509
HYPERBASE,transwarp-5.1.2-rc2,1518084765
HYPERBASE,transwarp-5.1.2-rc3,1518430329
HYPERBASE,transwarp-5.1.3-final,1524829136
HYPERBASE,transwarp-5.1.4-final,1526702281
HYPERBASE,transwarp-5.1.4-rc0,1526023938
HYPERBASE,transwarp-5.1.4-rc1,1526464771
HYPERBASE,transwarp-5.1.5-final,1528459243
HYPERBASE,transwarp-5.1.5-rc0,1527770285
HYPERBASE,transwarp-5.1.6-final,1530252427
HYPERBASE,transwarp-5.1.6-rc0,1529655163
HYPERBASE,transwarp-5.2,1540383122
HYPERBASE,transwarp-5.2.0-final,1528461601
HYPERBASE,transwarp-5.2.0-rc0,1521610840
HYPERBASE,transwarp-5.2.0-rc1,1524131529
HYPERBASE,transwarp-5.2.0-rc2,1525425907
HYPERBASE,transwarp-5.2.0-rc3,1526032458
HYPERBASE,transwarp-5.2.0-rc4,1527070351
HYPERBASE,transwarp-5.2.0-rc5,1527679836
HYPERBASE,transwarp-5.2.1-final,1532934991
HYPERBASE,transwarp-5.2.1-rc0,1531212803
HYPERBASE,transwarp-5.2.1-rc1,1531988466
HYPERBASE,transwarp-5.2.1-rc2,1532503537
HYPERBASE,transwarp-5.2.2-final,1534302874
HYPERBASE,transwarp-5.2.2-rc0,1533803091
HYPERBASE,transwarp-5.2.2-rc1,1534149696
HYPERBASE,transwarp-5.2.3-rc0,1541400980
HYPERBASE,transwarp-6.0,1539603220
HYPERBASE,transwarp-6.0.0-final,1536844323
HYPERBASE,transwarp-6.0.0-rc0,1534497653
HYPERBASE,transwarp-6.0.0-rc1,1535283675
HYPERBASE,transwarp-6.0.0-rc2,1535473677
HYPERBASE,transwarp-6.0.0-rc3,1535958716
HYPERBASE,transwarp-6.0.1-final,1541673832
HYPERBASE,transwarp-6.0.1-rc0,1540367760
HYPERBASE,transwarp-6.0.1-rc1,1540814547
HYPERBASE,transwarp-6.0.1-rc2,1541396852
HYPERBASE,transwarp-6.1,1539603220
HYPERBASE,transwarp-ce-1.0,1511158772
HYPERBASE,transwarp-ce-1.0.0-final,1508493014
HYPERBASE,transwarp-ce-1.1,1522725029
HYPERBASE,transwarp-ce-1.1.0-final,1528287659
INCEPTOR,4.3,1501124826
INCEPTOR,transwarp-5.0,1536211593
INCEPTOR,transwarp-5.0.0-final,1508489961
INCEPTOR,transwarp-5.0.0-rc5,1502528100
INCEPTOR,transwarp-5.0.0-rc6,1504092600
INCEPTOR,transwarp-5.0.0-rc7,1504352880
INCEPTOR,transwarp-5.0.1-final,1510568927
INCEPTOR,transwarp-5.0.1-rc0,1509973983
INCEPTOR,transwarp-5.0.1-rc1,1510141121
INCEPTOR,transwarp-5.1,1536211593
INCEPTOR,transwarp-5.1.0-final,1512387545
INCEPTOR,transwarp-5.1.0-rc1,1509703781
INCEPTOR,transwarp-5.1.0-rc2,1510135775
INCEPTOR,transwarp-5.1.0-rc3,1510571995
INCEPTOR,transwarp-5.1.0-rc4,1511429823
INCEPTOR,transwarp-5.1.0-rc5,1511927759
INCEPTOR,transwarp-5.1.0-rc6,1511953063
INCEPTOR,transwarp-5.1.0-rc7,1512036034
INCEPTOR,transwarp-5.1.1-final,1515403733
INCEPTOR,transwarp-5.1.1-rc0,1514284115
INCEPTOR,transwarp-5.1.1-rc1,1514541659
INCEPTOR,transwarp-5.1.1-rc2,1515124187
INCEPTOR,transwarp-5.1.2-final,1540542740
INCEPTOR,transwarp-5.1.2-rc0,1517456571
INCEPTOR,transwarp-5.1.2-rc1,1518004780
INCEPTOR,transwarp-5.1.2-rc2,1518084765
INCEPTOR,transwarp-5.1.2-rc3,1518430329
INCEPTOR,transwarp-5.1.3-final,1524829136
INCEPTOR,transwarp-5.1.4-final,1526702281
INCEPTOR,transwarp-5.1.4-rc0,1526023938
INCEPTOR,transwarp-5.1.4-rc1,1526464771
INCEPTOR,transwarp-5.1.5-final,1528459243
INCEPTOR,transwarp-5.1.5-rc0,1527770285
INCEPTOR,transwarp-5.1.6-final,1530252427
INCEPTOR,transwarp-5.1.6-rc0,1529655163
INCEPTOR,transwarp-5.2,1540383122
INCEPTOR,transwarp-5.2.0-final,1528461601
INCEPTOR,transwarp-5.2.0-rc0,1521610840
INCEPTOR,transwarp-5.2.0-rc1,1524131529
INCEPTOR,transwarp-5.2.0-rc2,1525425907
INCEPTOR,transwarp-5.2.0-rc3,1526032458
INCEPTOR,transwarp-5.2.0-rc4,1527070351
INCEPTOR,transwarp-5.2.0-rc5,1527679836
INCEPTOR,transwarp-5.2.1-final,1532934991
INCEPTOR,transwarp-5.2.1-rc0,1531212803
INCEPTOR,transwarp-5.2.1-rc1,1531988466
INCEPTOR,transwarp-5.2.1-rc2,1532503537
INCEPTOR,transwarp-5.2.2-final,1534302874
INCEPTOR,transwarp-5.2.2-rc0,1533803091
INCEPTOR,transwarp-5.2.2-rc1,1534149696
INCEPTOR,transwarp-5.2.3-rc0,1541400980
INCEPTOR,transwarp-6.0,1541669747
INCEPTOR,transwarp-6.0.0-final,1536288970
INCEPTOR,transwarp-6.0.0-rc0,1534610494
INCEPTOR,transwarp-6.0.0-rc1,1535283675
INCEPTOR,transwarp-6.0.0-rc2,1535473677
INCEPTOR,transwarp-6.0.0-rc3,1535958716
INCEPTOR,transwarp-6.0.1-final,1541673832
INCEPTOR,transwarp-6.0.1-rc0,1540367760
INCEPTOR,transwarp-6.0.1-rc1,1540814547
INCEPTOR,transwarp-6.0.1-rc2,1541396852
INCEPTOR,transwarp-6.1,1541669747
INCEPTOR,transwarp-ce-1.0,1536211593
INCEPTOR,transwarp-ce-1.0.0-final,1508493014
INCEPTOR,transwarp-ce-1.1,1536211593
INCEPTOR,transwarp-ce-1.1.0-final,1528287659
INCEPTOR_GATEWAY,transwarp-5.2,1531481185
INCEPTOR_GATEWAY,transwarp-5.2.0-final,1528461601
INCEPTOR_GATEWAY,transwarp-5.2.0-rc0,1521610840
INCEPTOR_GATEWAY,transwarp-5.2.0-rc1,1524131529
INCEPTOR_GATEWAY,transwarp-5.2.0-rc2,1525425907
INCEPTOR_GATEWAY,transwarp-5.2.0-rc3,1526032458
INCEPTOR_GATEWAY,transwarp-5.2.0-rc4,1527070351
INCEPTOR_GATEWAY,transwarp-5.2.0-rc5,1527679836
INCEPTOR_GATEWAY,transwarp-5.2.1-final,1532934991
INCEPTOR_GATEWAY,transwarp-5.2.1-rc0,1531212803
INCEPTOR_GATEWAY,transwarp-5.2.1-rc1,1532350129
INCEPTOR_GATEWAY,transwarp-5.2.1-rc2,1532503537
INCEPTOR_GATEWAY,transwarp-5.2.2-final,1534302874
INCEPTOR_GATEWAY,transwarp-5.2.2-rc0,1533803091
INCEPTOR_GATEWAY,transwarp-5.2.2-rc1,1534149696
INCEPTOR_GATEWAY,transwarp-5.2.3-rc0,1541400980
INCEPTOR_GATEWAY,transwarp-6.0,1540293251
INCEPTOR_GATEWAY,transwarp-6.0.0-final,1536288970
INCEPTOR_GATEWAY,transwarp-6.0.0-rc0,1534497653
INCEPTOR_GATEWAY,transwarp-6.0.0-rc1,1535283675
INCEPTOR_GATEWAY,transwarp-6.0.0-rc2,1535473677
INCEPTOR_GATEWAY,transwarp-6.0.0-rc3,1535958716
INCEPTOR_GATEWAY,transwarp-6.0.1-final,1541673832
INCEPTOR_GATEWAY,transwarp-6.0.1-rc0,1540367760
INCEPTOR_GATEWAY,transwarp-6.0.1-rc1,1540814547
INCEPTOR_GATEWAY,transwarp-6.0.1-rc2,1541396852
INCEPTOR_GATEWAY,transwarp-6.1,1540293251
KAFKA,0.8,1501124826
KAFKA,transwarp-5.0,1535801771
KAFKA,transwarp-5.0.0-final,1504751880
KAFKA,transwarp-5.0.0-rc5,1502528100
KAFKA,transwarp-5.0.0-rc6,1504092600
KAFKA,transwarp-5.0.0-rc7,1504352880
KAFKA,transwarp-5.0.1-final,1510568927
KAFKA,transwarp-5.0.1-rc0,1509973983
KAFKA,transwarp-5.0.1-rc1,1510141121
KAFKA,transwarp-5.1,1535801771
KAFKA,transwarp-5.1.0-final,1512387545
KAFKA,transwarp-5.1.0-rc1,1509703781
KAFKA,transwarp-5.1.0-rc2,1510135775
KAFKA,transwarp-5.1.0-rc3,1510571995
KAFKA,transwarp-5.1.0-rc4,1511429823
KAFKA,transwarp-5.1.0-rc5,1511866544
KAFKA,transwarp-5.1.0-rc6,1511953063
KAFKA,transwarp-5.1.0-rc7,1512036034
KAFKA,transwarp-5.1.1-final,1515403733
KAFKA,transwarp-5.1.1-rc0,1514284115
KAFKA,transwarp-5.1.1-rc1,1514541659
KAFKA,transwarp-5.1.1-rc2,1515124187
KAFKA,transwarp-5.1.2-final,1519632186
KAFKA,transwarp-5.1.2-rc0,1517313204
KAFKA,transwarp-5.1.2-rc1,1517562509
KAFKA,transwarp-5.1.2-rc2,1518084765
KAFKA,transwarp-5.1.2-rc3,1518430329
KAFKA,transwarp-5.1.3-final,1524829136
KAFKA,transwarp-5.1.4-final,1526702281
KAFKA,transwarp-5.1.4-rc0,1526023938
KAFKA,transwarp-5.1.4-rc1,1526464771
KAFKA,transwarp-5.1.5-final,1528459243
KAFKA,transwarp-5.1.5-rc0,1527770285
KAFKA,transwarp-5.1.6-final,1530252427
KAFKA,transwarp-5.1.6-rc0,1529655163
KAFKA,transwarp-5.2,1540383122
KAFKA,transwarp-5.2.0-final,1528461601
KAFKA,transwarp-5.2.0-rc0,1521610840
KAFKA,transwarp-5.2.0-rc1,1524131529
KAFKA,transwarp-5.2.0-rc2,1525425907
KAFKA,transwarp-5.2.0-rc3,1526032458
KAFKA,transwarp-5.2.0-rc4,1527070351
KAFKA,transwarp-5.2.0-rc5,1527679836
KAFKA,transwarp-5.2.1-final,1532934991
KAFKA,transwarp-5.2.1-rc0,1531212803
KAFKA,transwarp-5.2.1-rc1,1531988466
KAFKA,transwarp-5.2.1-rc2,1532503537
KAFKA,transwarp-5.2.2-final,1534302874
KAFKA,transwarp-5.2.2-rc0,1533803091
KAFKA,transwarp-5.2.2-rc1,1534149696
KAFKA,transwarp-5.2.3-rc0,1541400980
KAFKA,transwarp-6.0,1539603220
KAFKA,transwarp-6.0.0-final,1536288970
KAFKA,transwarp-6.0.0-rc0,1534497354
KAFKA,transwarp-6.0.0-rc1,1534993611
KAFKA,transwarp-6.0.0-rc2,1535473677
KAFKA,transwarp-6.0.0-rc3,1535958716
KAFKA,transwarp-6.0.1-final,1541673832
KAFKA,transwarp-6.0.1-rc0,1540367760
KAFKA,transwarp-6.0.1-rc1,1540814547
KAFKA,transwarp-6.0.1-rc2,1541396852
KAFKA,transwarp-6.1,1539603220
KAFKA,transwarp-ce-1.0,1507868987
KAFKA,transwarp-ce-1.0.0-final,1508493014
KAFKA,transwarp-ce-1.1,1522725029
KAFKA,transwarp-ce-1.1.0-final,1528287659
KMS,transwarp-5.2,1531212803
KMS,transwarp-5.2.0-final,1528461601
KMS,transwarp-5.2.0-rc0,1521610840
KMS,transwarp-5.2.0-rc1,1524131529
KMS,transwarp-5.2.0-rc2,1525425907
KMS,transwarp-5.2.0-rc3,1526032458
KMS,transwarp-5.2.0-rc4,1527070351
KMS,transwarp-5.2.0-rc5,1527679836
KMS,transwarp-5.2.1-final,1532934991
KMS,transwarp-5.2.1-rc0,1531212803
KMS,transwarp-5.2.1-rc1,1531988466
KMS,transwarp-5.2.1-rc2,1532503537
KMS,transwarp-5.2.2-final,1534302874
KMS,transwarp-5.2.2-rc0,1533803091
KMS,transwarp-5.2.2-rc1,1534149696
KMS,transwarp-5.2.3-rc0,1541400980
KMS,transwarp-6.0,1540293251
KMS,transwarp-6.0.0-final,1536288970
KMS,transwarp-6.0.0-rc0,1534497653
KMS,transwarp-6.0.0-rc1,1534993611
KMS,transwarp-6.0.0-rc2,1535473677
KMS,transwarp-6.0.0-rc3,1535958716
KMS,transwarp-6.0.1-final,1541673832
KMS,transwarp-6.0.1-rc0,1540367760
KMS,transwarp-6.0.1-rc1,1540814547
KMS,transwarp-6.0.1-rc2,1541396852
KMS,transwarp-6.1,1540293251
KONG,transwarp-6.0,1540293251
KONG,transwarp-6.0.0-final,1536288970
KONG,transwarp-6.0.0-rc0,1534497354
KONG,transwarp-6.0.0-rc1,1534993611
KONG,transwarp-6.0.0-rc2,1535473677
KONG,transwarp-6.0.0-rc3,1535958716
KONG,transwarp-6.0.1-final,1541673832
KONG,transwarp-6.0.1-rc0,1540367760
KONG,transwarp-6.0.1-rc1,1540814547
KONG,transwarp-6.0.1-rc2,1541396852
KONG,transwarp-6.1,1540293251
KUNDB,kundb-1.0.0-final,1539603220
KUNDB,kundb-1.0.0-rc1,1535076544
KUNDB,kundb-1.0.0-rc2,1535958056
KUNDB,kundb-1.0.0-rc3,1536044717
LICENSE_SERVICE,1.0,1501124826
LICENSE_SERVICE,manager-6.0,1539616713
LICENSE_SERVICE,manager-6.0.1810a-final,1540190961
LICENSE_SERVICE,manager-6.0.1810a-rc0,1539618494
LICENSE_SERVICE,manager-6.0.1811a-final,1541673832
LICENSE_SERVICE,manager-6.0.1811a-rc0,1540369145
LICENSE_SERVICE,manager-6.0.1811a-rc1,1541396852
LICENSE_SERVICE,transwarp-5.0,1510568927
LICENSE_SERVICE,transwarp-5.0.0-final,1504751880
LICENSE_SERVICE,transwarp-5.0.0-rc5,1502528100
LICENSE_SERVICE,transwarp-5.0.0-rc6,1504092600
LICENSE_SERVICE,transwarp-5.0.0-rc7,1504352880
LICENSE_SERVICE,transwarp-5.0.1-final,1510568927
LICENSE_SERVICE,transwarp-5.0.1-rc0,1509973983
LICENSE_SERVICE,transwarp-5.0.1-rc1,1510141121
LICENSE_SERVICE,transwarp-5.1,1529655163
LICENSE_SERVICE,transwarp-5.1.0-final,1512387545
LICENSE_SERVICE,transwarp-5.1.0-rc1,1509703781
LICENSE_SERVICE,transwarp-5.1.0-rc2,1510135775
LICENSE_SERVICE,transwarp-5.1.0-rc3,1510571995
LICENSE_SERVICE,transwarp-5.1.0-rc4,1511429823
LICENSE_SERVICE,transwarp-5.1.0-rc5,1511866544
LICENSE_SERVICE,transwarp-5.1.0-rc6,1511953063
LICENSE_SERVICE,transwarp-5.1.0-rc7,1512036034
LICENSE_SERVICE,transwarp-5.1.1-final,1515403733
LICENSE_SERVICE,transwarp-5.1.1-rc0,1514284115
LICENSE_SERVICE,transwarp-5.1.1-rc1,1514541659
LICENSE_SERVICE,transwarp-5.1.1-rc2,1515124187
LICENSE_SERVICE,transwarp-5.1.2-final,1519632186
LICENSE_SERVICE,transwarp-5.1.2-rc0,1517456571
LICENSE_SERVICE,transwarp-5.1.2-rc1,1517562509
LICENSE_SERVICE,transwarp-5.1.2-rc2,1518084765
LICENSE_SERVICE,transwarp-5.1.2-rc3,1518430329
LICENSE_SERVICE,transwarp-5.1.3-final,1524829136
LICENSE_SERVICE,transwarp-5.1.4-final,1526702281
LICENSE_SERVICE,transwarp-5.1.4-rc0,1526023938
LICENSE_SERVICE,transwarp-5.1.4-rc1,1526464771
LICENSE_SERVICE,transwarp-5.1.5-final,1528459243
LICENSE_SERVICE,transwarp-5.1.5-rc0,1527770285
LICENSE_SERVICE,transwarp-5.1.6-final,1530252427
LICENSE_SERVICE,transwarp-5.1.6-rc0,1529655163
LICENSE_SERVICE,transwarp-5.2,1531212803
LICENSE_SERVICE,transwarp-5.2.0-final,1528461601
LICENSE_SERVICE,transwarp-5.2.0-rc0,1521610840
LICENSE_SERVICE,transwarp-5.2.0-rc1,1524131529
LICENSE_SERVICE,transwarp-5.2.0-rc2,1525425907
LICENSE_SERVICE,transwarp-5.2.0-rc3,1526032458
LICENSE_SERVICE,transwarp-5.2.0-rc4,1527070351
LICENSE_SERVICE,transwarp-5.2.0-rc5,1527679836
LICENSE_SERVICE,transwarp-5.2.1-final,1532934991
LICENSE_SERVICE,transwarp-5.2.1-rc0,1531212803
LICENSE_SERVICE,transwarp-5.2.1-rc1,1531988466
LICENSE_SERVICE,transwarp-5.2.1-rc2,1532503537
LICENSE_SERVICE,transwarp-5.2.2-final,1534302874
LICENSE_SERVICE,transwarp-5.2.2-rc0,1533803091
LICENSE_SERVICE,transwarp-5.2.2-rc1,1534149696
LICENSE_SERVICE,transwarp-5.2.3-rc0,1541400980
LICENSE_SERVICE,transwarp-6.0.0-final,1536288970
LICENSE_SERVICE,transwarp-6.0.0-rc0,1534497354
LICENSE_SERVICE,transwarp-6.0.0-rc1,1534993611
LICENSE_SERVICE,transwarp-6.0.0-rc2,1535473677
LICENSE_SERVICE,transwarp-6.0.0-rc3,1535958716
LICENSE_SERVICE,transwarp-ce-1.0,1508324373
LICENSE_SERVICE,transwarp-ce-1.0.0-final,1508496108
LICENSE_SERVICE,transwarp-ce-1.1,1522725029
LICENSE_SERVICE,transwarp-ce-1.1.0-final,1528287659
MANAGER,manager-6.0,1539616713
MANAGER,manager-6.0.1810a-final,1540190961
MANAGER,manager-6.0.1810a-rc0,1539618494
MANAGER,manager-6.0.1811a-final,1541673832
MANAGER,manager-6.0.1811a-rc0,1540369145
MANAGER,manager-6.0.1811a-rc1,1541396852
MANAGER,transwarp-5.2,1521106562
MANAGER,transwarp-5.2.0-final,1528461601
MANAGER,transwarp-5.2.0-rc0,1521610840
MANAGER,transwarp-5.2.0-rc1,1524131529
MANAGER,transwarp-5.2.0-rc2,1525425907
MANAGER,transwarp-5.2.0-rc3,1526032458
MANAGER,transwarp-5.2.0-rc4,1527070351
MANAGER,transwarp-5.2.0-rc5,1527679836
MANAGER,transwarp-5.2.1-final,1532934991
MANAGER,transwarp-5.2.1-rc0,1531212803
MANAGER,transwarp-5.2.1-rc1,1531988466
MANAGER,transwarp-5.2.1-rc2,1532503537
MANAGER,transwarp-5.2.2-final,1534302874
MANAGER,transwarp-5.2.2-rc0,1533803091
MANAGER,transwarp-5.2.2-rc1,1534149696
MANAGER,transwarp-5.2.3-rc0,1541400980
MANAGER,transwarp-6.0.0-final,1536288970
MANAGER,transwarp-6.0.0-rc0,1534497354
MANAGER,transwarp-6.0.0-rc1,1534993611
MANAGER,transwarp-6.0.0-rc2,1535473677
MANAGER,transwarp-6.0.0-rc3,1535958716
MILANO,transwarp-5.1,1529655163
MILANO,transwarp-5.1.0-final,1512387545
MILANO,transwarp-5.1.0-rc1,1509703781
MILANO,transwarp-5.1.0-rc2,1510135775
MILANO,transwarp-5.1.0-rc3,1510571995
MILANO,transwarp-5.1.0-rc4,1511429823
MILANO,transwarp-5.1.0-rc5,1511866544
MILANO,transwarp-5.1.0-rc6,1511953063
MILANO,transwarp-5.1.0-rc7,1512036034
MILANO,transwarp-5.1.1-final,1515403733
MILANO,transwarp-5.1.1-rc0,1514284115
MILANO,transwarp-5.1.1-rc1,1514541659
MILANO,transwarp-5.1.1-rc2,1515124187
MILANO,transwarp-5.1.2-final,1519632186
MILANO,transwarp-5.1.2-rc0,1517319610
MILANO,transwarp-5.1.2-rc1,1517562509
MILANO,transwarp-5.1.2-rc2,1518084765
MILANO,transwarp-5.1.2-rc3,1518430329
MILANO,transwarp-5.1.3-final,1524829136
MILANO,transwarp-5.1.4-final,1526702281
MILANO,transwarp-5.1.4-rc0,1526023938
MILANO,transwarp-5.1.4-rc1,1526464771
MILANO,transwarp-5.1.5-final,1528459243
MILANO,transwarp-5.1.5-rc0,1527770285
MILANO,transwarp-5.1.6-final,1530252427
MILANO,transwarp-5.1.6-rc0,1529655163
MILANO,transwarp-5.2,1533875316
MILANO,transwarp-5.2.0-final,1528461601
MILANO,transwarp-5.2.0-rc0,1521610840
MILANO,transwarp-5.2.0-rc1,1524131529
MILANO,transwarp-5.2.0-rc2,1525425907
MILANO,transwarp-5.2.0-rc3,1526032458
MILANO,transwarp-5.2.0-rc4,1527070351
MILANO,transwarp-5.2.0-rc5,1527679836
MILANO,transwarp-5.2.1-final,1532934991
MILANO,transwarp-5.2.1-rc0,1531212803
MILANO,transwarp-5.2.1-rc1,1531988466
MILANO,transwarp-5.2.1-rc2,1532503537
MILANO,transwarp-5.2.2-final,1534302874
MILANO,transwarp-5.2.2-rc0,1533803091
MILANO,transwarp-5.2.2-rc1,1534149696
MILANO,transwarp-5.2.3-rc0,1541400980
MILANO,transwarp-6.0,1540293251
MILANO,transwarp-6.0.0-final,1536288970
MILANO,transwarp-6.0.0-rc0,1534497653
MILANO,transwarp-6.0.0-rc1,1535283675
MILANO,transwarp-6.0.0-rc2,1535473677
MILANO,transwarp-6.0.0-rc3,1535958716
MILANO,transwarp-6.0.1-final,1541673832
MILANO,transwarp-6.0.1-rc0,1540367760
MILANO,transwarp-6.0.1-rc1,1540814547
MILANO,transwarp-6.0.1-rc2,1541396852
MILANO,transwarp-6.1,1540293251
MONITOR,transwarp-6.0,1540293251
MONITOR,transwarp-6.0.0-final,1536288970
MONITOR,transwarp-6.0.0-rc0,1534497653
MONITOR,transwarp-6.0.0-rc1,1534993611
MONITOR,transwarp-6.0.0-rc2,1535473677
MONITOR,transwarp-6.0.0-rc3,1535958716
MONITOR,transwarp-6.0.1-final,1541673832
MONITOR,transwarp-6.0.1-rc0,1540367760
MONITOR,transwarp-6.0.1-rc1,1540814547
MONITOR,transwarp-6.0.1-rc2,1541396852
MONITOR,transwarp-6.1,1540293251
NOTIFICATION,1.0,1501124826
NOTIFICATION,transwarp-5.0,1510568927
NOTIFICATION,transwarp-5.0.0-final,1504751880
NOTIFICATION,transwarp-5.0.0-rc5,1502528100
NOTIFICATION,transwarp-5.0.0-rc6,1504092600
NOTIFICATION,transwarp-5.0.0-rc7,1504352880
NOTIFICATION,transwarp-5.0.1-final,1510568927
NOTIFICATION,transwarp-5.0.1-rc0,1509973983
NOTIFICATION,transwarp-5.0.1-rc1,1510141121
NOTIFICATION,transwarp-5.1,1529655163
NOTIFICATION,transwarp-5.1.0-final,1512387545
NOTIFICATION,transwarp-5.1.0-rc1,1509703781
NOTIFICATION,transwarp-5.1.0-rc2,1510135775
NOTIFICATION,transwarp-5.1.0-rc3,1510571995
NOTIFICATION,transwarp-5.1.0-rc4,1511429823
NOTIFICATION,transwarp-5.1.0-rc5,1511866544
NOTIFICATION,transwarp-5.1.0-rc6,1511953063
NOTIFICATION,transwarp-5.1.0-rc7,1512036034
NOTIFICATION,transwarp-5.1.1-final,1515403733
NOTIFICATION,transwarp-5.1.1-rc0,1514284115
NOTIFICATION,transwarp-5.1.1-rc1,1514541659
NOTIFICATION,transwarp-5.1.1-rc2,1515124187
NOTIFICATION,transwarp-5.1.2-final,1519632186
NOTIFICATION,transwarp-5.1.2-rc0,1517313204
NOTIFICATION,transwarp-5.1.2-rc1,1517562509
NOTIFICATION,transwarp-5.1.2-rc2,1518084765
NOTIFICATION,transwarp-5.1.2-rc3,1518430329
NOTIFICATION,transwarp-5.1.3-final,1524829136
NOTIFICATION,transwarp-5.1.4-final,1526702281
NOTIFICATION,transwarp-5.1.4-rc0,1526023938
NOTIFICATION,transwarp-5.1.4-rc1,1526464771
NOTIFICATION,transwarp-5.1.5-final,1528459243
NOTIFICATION,transwarp-5.1.5-rc0,1527770285
NOTIFICATION,transwarp-5.1.6-final,1530252427
NOTIFICATION,transwarp-5.1.6-rc0,1529655163
NOTIFICATION,transwarp-5.2,1531212803
NOTIFICATION,transwarp-5.2.0-final,1528461601
NOTIFICATION,transwarp-5.2.0-rc0,1521610840
NOTIFICATION,transwarp-5.2.0-rc1,1524131529
NOTIFICATION,transwarp-5.2.0-rc2,1525425907
NOTIFICATION,transwarp-5.2.0-rc3,1526032458
NOTIFICATION,transwarp-5.2.0-rc4,1527070351
NOTIFICATION,transwarp-5.2.0-rc5,1527679836
NOTIFICATION,transwarp-5.2.1-final,1532934991
NOTIFICATION,transwarp-5.2.1-rc0,1531212803
NOTIFICATION,transwarp-5.2.1-rc1,1531988466
NOTIFICATION,transwarp-5.2.1-rc2,1532503537
NOTIFICATION,transwarp-5.2.2-final,1534302874
NOTIFICATION,transwarp-5.2.2-rc0,1533803091
NOTIFICATION,transwarp-5.2.2-rc1,1534149696
NOTIFICATION,transwarp-5.2.3-rc0,1541400980
NOTIFICATION,transwarp-6.0,1539603220
NOTIFICATION,transwarp-6.0.0-final,1536288970
NOTIFICATION,transwarp-6.0.0-rc0,1534497653
NOTIFICATION,transwarp-6.0.0-rc1,1534993611
NOTIFICATION,transwarp-6.0.0-rc2,1535473677
NOTIFICATION,transwarp-6.0.0-rc3,1535958716
NOTIFICATION,transwarp-6.0.1-final,1541673832
NOTIFICATION,transwarp-6.0.1-rc0,1540367760
NOTIFICATION,transwarp-6.0.1-rc1,1540814547
NOTIFICATION,transwarp-6.0.1-rc2,1541396852
NOTIFICATION,transwarp-6.1,1539603220
OOZIE,4.1,1501124826
OOZIE,transwarp-5.0,1509973983
OOZIE,transwarp-5.0.0-final,1508132520
OOZIE,transwarp-5.0.0-rc5,1502528100
OOZIE,transwarp-5.0.0-rc6,1504092600
OOZIE,transwarp-5.0.0-rc7,1504352880
OOZIE,transwarp-5.0.1-final,1510568927
OOZIE,transwarp-5.0.1-rc0,1509973983
OOZIE,transwarp-5.0.1-rc1,1510141121
PILOT,transwarp-5.1,1529655163
PILOT,transwarp-5.1.0-final,1512387545
PILOT,transwarp-5.1.0-rc1,1509703781
PILOT,transwarp-5.1.0-rc2,1510135775
PILOT,transwarp-5.1.0-rc3,1510571995
PILOT,transwarp-5.1.0-rc4,1511429823
PILOT,transwarp-5.1.0-rc5,1511866544
PILOT,transwarp-5.1.0-rc6,1511953063
PILOT,transwarp-5.1.0-rc7,1512036034
PILOT,transwarp-5.1.1-final,1515403733
PILOT,transwarp-5.1.1-rc0,1514284115
PILOT,transwarp-5.1.1-rc1,1514541659
PILOT,transwarp-5.1.1-rc2,1515124187
PILOT,transwarp-5.1.2-final,1519632186
PILOT,transwarp-5.1.2-rc0,1517313204
PILOT,transwarp-5.1.2-rc1,1517562509
PILOT,transwarp-5.1.2-rc2,1518084765
PILOT,transwarp-5.1.2-rc3,1518430329
PILOT,transwarp-5.1.3-final,1524829136
PILOT,transwarp-5.1.4-final,1526702281
PILOT,transwarp-5.1.4-rc0,1526023938
PILOT,transwarp-5.1.4-rc1,1526464771
PILOT,transwarp-5.1.5-final,1528459243
PILOT,transwarp-5.1.5-rc0,1527770285
PILOT,transwarp-5.1.6-final,1530252427
PILOT,transwarp-5.1.6-rc0,1529655163
PILOT,transwarp-5.2,1540383122
PILOT,transwarp-5.2.0-final,1528461601
PILOT,transwarp-5.2.0-rc0,1521610840
PILOT,transwarp-5.2.0-rc1,1524131529
PILOT,transwarp-5.2.0-rc2,1525425907
PILOT,transwarp-5.2.0-rc3,1526032458
PILOT,transwarp-5.2.0-rc4,1527070351
PILOT,transwarp-5.2.0-rc5,1527679836
PILOT,transwarp-5.2.1-final,1532934991
PILOT,transwarp-5.2.1-rc0,1531212803
PILOT,transwarp-5.2.1-rc1,1532350129
PILOT,transwarp-5.2.1-rc2,1532503537
PILOT,transwarp-5.2.2-final,1534302874
PILOT,transwarp-5.2.2-rc0,1533803091
PILOT,transwarp-5.2.2-rc1,1534149696
PILOT,transwarp-5.2.3-rc0,1541400980
PILOT,transwarp-6.0,1539603220
PILOT,transwarp-6.0.0-final,1536288970
PILOT,transwarp-6.0.0-rc0,1534497653
PILOT,transwarp-6.0.0-rc1,1534993611
PILOT,transwarp-6.0.0-rc2,1535473677
PILOT,transwarp-6.0.0-rc3,1535958716
PILOT,transwarp-6.0.1-final,1541673832
PILOT,transwarp-6.0.1-rc0,1540367760
PILOT,transwarp-6.0.1-rc1,1540814547
PILOT,transwarp-6.0.1-rc2,1541396852
PILOT,transwarp-6.1,1540383122
PILOT,transwarp-ce-1.0,1509619538
PILOT,transwarp-ce-1.0.0-final,1509619538
PILOT,transwarp-ce-1.1,1522725029
PILOT,transwarp-ce-1.1.0-final,1528287659
REDIS,transwarp-5.1.1-final,1515397648
REDIS,transwarp-5.2,1531212803
REDIS,transwarp-5.2.0-final,1528461601
REDIS,transwarp-5.2.0-rc4,1532518125
REDIS,transwarp-5.2.0-rc5,1532518125
REDIS,transwarp-5.2.1-final,1532934991
REDIS,transwarp-5.2.1-rc0,1532518125
REDIS,transwarp-5.2.1-rc1,1532518125
REDIS,transwarp-5.2.1-rc2,1532518125
REDIS,transwarp-5.2.2-final,1534302874
REDIS,transwarp-5.2.2-rc0,1533803091
REDIS,transwarp-5.2.2-rc1,1534149696
REDIS,transwarp-5.2.3-rc0,1541400980
REDIS,transwarp-6.0,1540293251
REDIS,transwarp-6.0.0-final,1536288970
REDIS,transwarp-6.0.0-rc0,1534497354
REDIS,transwarp-6.0.0-rc1,1534993611
REDIS,transwarp-6.0.0-rc2,1535473677
REDIS,transwarp-6.0.0-rc3,1535958716
REDIS,transwarp-6.0.1-final,1541673832
REDIS,transwarp-6.0.1-rc0,1540367760
REDIS,transwarp-6.0.1-rc1,1540814547
REDIS,transwarp-6.0.1-rc2,1541396852
REDIS,transwarp-6.1,1540293251
RUBIK,1.0,1501124826
RUBIK,transwarp-5.0,1510568927
RUBIK,transwarp-5.0.0-final,1504751880
RUBIK,transwarp-5.0.0-rc5,1502528100
RUBIK,transwarp-5.0.0-rc6,1504092600
RUBIK,transwarp-5.0.0-rc7,1504352880
RUBIK,transwarp-5.0.1-final,1510568927
RUBIK,transwarp-5.0.1-rc0,1509973983
RUBIK,transwarp-5.0.1-rc1,1510141121
RUBIK,transwarp-5.1,1529655163
RUBIK,transwarp-5.1.0-final,1512387545
RUBIK,transwarp-5.1.0-rc1,1509703781
RUBIK,transwarp-5.1.0-rc2,1510135775
RUBIK,transwarp-5.1.0-rc3,1510571995
RUBIK,transwarp-5.1.0-rc4,1511429823
RUBIK,transwarp-5.1.0-rc5,1511866544
RUBIK,transwarp-5.1.0-rc6,1511953063
RUBIK,transwarp-5.1.0-rc7,1512036034
RUBIK,transwarp-5.1.1-final,1515403733
RUBIK,transwarp-5.1.1-rc0,1514284115
RUBIK,transwarp-5.1.1-rc1,1514541659
RUBIK,transwarp-5.1.1-rc2,1515124187
RUBIK,transwarp-5.1.2-final,1519632186
RUBIK,transwarp-5.1.2-rc0,1517319610
RUBIK,transwarp-5.1.2-rc1,1517562509
RUBIK,transwarp-5.1.2-rc2,1518084765
RUBIK,transwarp-5.1.2-rc3,1518430329
RUBIK,transwarp-5.1.3-final,1524829136
RUBIK,transwarp-5.1.4-final,1526702281
RUBIK,transwarp-5.1.4-rc0,1526023938
RUBIK,transwarp-5.1.4-rc1,1526464771
RUBIK,transwarp-5.1.5-final,1528459243
RUBIK,transwarp-5.1.5-rc0,1527770285
RUBIK,transwarp-5.1.6-final,1530252427
RUBIK,transwarp-5.1.6-rc0,1529655163
RUBIK,transwarp-5.2,1540383122
RUBIK,transwarp-5.2.0-final,1528461601
RUBIK,transwarp-5.2.0-rc0,1521610840
RUBIK,transwarp-5.2.0-rc1,1524131529
RUBIK,transwarp-5.2.0-rc2,1525425907
RUBIK,transwarp-5.2.0-rc3,1526032458
RUBIK,transwarp-5.2.0-rc4,1527070351
RUBIK,transwarp-5.2.0-rc5,1527679836
RUBIK,transwarp-5.2.1-final,1532934991
RUBIK,transwarp-5.2.1-rc0,1531212803
RUBIK,transwarp-5.2.1-rc1,1531988466
RUBIK,transwarp-5.2.1-rc2,1532503537
RUBIK,transwarp-5.2.2-final,1534302874
RUBIK,transwarp-5.2.2-rc0,1533803091
RUBIK,transwarp-5.2.2-rc1,1534149696
RUBIK,transwarp-5.2.3-rc0,1541400980
RUBIK,transwarp-6.0,1541648263
RUBIK,transwarp-6.0.0-final,1536288970
RUBIK,transwarp-6.0.0-rc0,1534497653
RUBIK,transwarp-6.0.0-rc1,1534993611
RUBIK,transwarp-6.0.0-rc2,1535473677
RUBIK,transwarp-6.0.0-rc3,1535958716
RUBIK,transwarp-6.0.1-final,1541673832
RUBIK,transwarp-6.0.1-rc0,1540367760
RUBIK,transwarp-6.0.1-rc1,1540814547
RUBIK,transwarp-6.0.1-rc2,1541396852
RUBIK,transwarp-6.1,1541648263
SEARCH,1.0,1501124826
SEARCH,transwarp-5.0,1535801771
SEARCH,transwarp-5.0.0-final,1504751880
SEARCH,transwarp-5.0.0-rc5,1502528100
SEARCH,transwarp-5.0.0-rc6,1504092600
SEARCH,transwarp-5.0.0-rc7,1504352880
SEARCH,transwarp-5.0.1-final,1510568927
SEARCH,transwarp-5.0.1-rc0,1509973983
SEARCH,transwarp-5.0.1-rc1,1510141121
SEARCH,transwarp-5.1,1535801771
SEARCH,transwarp-5.1.0-final,1512387545
SEARCH,transwarp-5.1.0-rc1,1509893620
SEARCH,transwarp-5.1.0-rc2,1510135775
SEARCH,transwarp-5.1.0-rc3,1510571995
SEARCH,transwarp-5.1.0-rc4,1511429823
SEARCH,transwarp-5.1.0-rc5,1511866544
SEARCH,transwarp-5.1.0-rc6,1511953063
SEARCH,transwarp-5.1.0-rc7,1512036034
SEARCH,transwarp-5.1.1-final,1515403733
SEARCH,transwarp-5.1.1-rc0,1514284115
SEARCH,transwarp-5.1.1-rc1,1514541659
SEARCH,transwarp-5.1.1-rc2,1515124187
SEARCH,transwarp-5.1.2-final,1519632186
SEARCH,transwarp-5.1.2-rc0,1517313204
SEARCH,transwarp-5.1.2-rc1,1517562509
SEARCH,transwarp-5.1.2-rc2,1518084765
SEARCH,transwarp-5.1.2-rc3,1518430329
SEARCH,transwarp-5.1.3-final,1524829136
SEARCH,transwarp-5.1.4-final,1526702281
SEARCH,transwarp-5.1.4-rc0,1526023938
SEARCH,transwarp-5.1.4-rc1,1526464771
SEARCH,transwarp-5.1.5-final,1528459243
SEARCH,transwarp-5.1.5-rc0,1527770285
SEARCH,transwarp-5.1.6-final,1530252427
SEARCH,transwarp-5.1.6-rc0,1529655163
SEARCH,transwarp-5.2,1535801771
SEARCH,transwarp-5.2.0-final,1528461601
SEARCH,transwarp-5.2.0-rc0,1521610840
SEARCH,transwarp-5.2.0-rc1,1524131529
SEARCH,transwarp-5.2.0-rc2,1525425907
SEARCH,transwarp-5.2.0-rc3,1526032458
SEARCH,transwarp-5.2.0-rc4,1527070351
SEARCH,transwarp-5.2.0-rc5,1527679836
SEARCH,transwarp-5.2.1-final,1532934991
SEARCH,transwarp-5.2.1-rc0,1531212803
SEARCH,transwarp-5.2.1-rc1,1531988466
SEARCH,transwarp-5.2.1-rc2,1532503537
SEARCH,transwarp-5.2.2-final,1534302874
SEARCH,transwarp-5.2.2-rc0,1533803091
SEARCH,transwarp-5.2.2-rc1,1534149696
SEARCH,transwarp-5.2.3-rc0,1541400980
SEARCH,transwarp-6.0,1540293251
SEARCH,transwarp-6.0.0-final,1536809051
SEARCH,transwarp-6.0.0-rc0,1534497653
SEARCH,transwarp-6.0.0-rc1,1535283675
SEARCH,transwarp-6.0.0-rc2,1535473677
SEARCH,transwarp-6.0.0-rc3,1535958716
SEARCH,transwarp-6.0.1-final,1541673832
SEARCH,transwarp-6.0.1-rc0,1540367760
SEARCH,transwarp-6.0.1-rc1,1540814547
SEARCH,transwarp-6.0.1-rc2,1541396852
SEARCH,transwarp-6.1,1540293251
SHIVA,transwarp-5.1,1529655163
SHIVA,transwarp-5.1.0-final,1512387545
SHIVA,transwarp-5.1.0-rc1,1509703781
SHIVA,transwarp-5.1.0-rc2,1510135775
SHIVA,transwarp-5.1.0-rc3,1510571995
SHIVA,transwarp-5.1.0-rc4,1511429823
SHIVA,transwarp-5.1.0-rc5,1511866735
SHIVA,transwarp-5.1.0-rc6,1511953063
SHIVA,transwarp-5.1.0-rc7,1512036034
SHIVA,transwarp-5.1.1-final,1515403733
SHIVA,transwarp-5.1.1-rc0,1514284115
SHIVA,transwarp-5.1.1-rc1,1514541659
SHIVA,transwarp-5.1.1-rc2,1515124187
SHIVA,transwarp-5.1.2-final,1519632186
SHIVA,transwarp-5.1.2-rc0,1517313204
SHIVA,transwarp-5.1.2-rc1,1517562509
SHIVA,transwarp-5.1.2-rc2,1518084765
SHIVA,transwarp-5.1.2-rc3,1518430329
SHIVA,transwarp-5.1.3-final,1524829136
SHIVA,transwarp-5.1.4-final,1526702281
SHIVA,transwarp-5.1.4-rc0,1526023938
SHIVA,transwarp-5.1.4-rc1,1526464771
SHIVA,transwarp-5.1.5-final,1528459243
SHIVA,transwarp-5.1.5-rc0,1527770285
SHIVA,transwarp-5.1.6-final,1530252427
SHIVA,transwarp-5.1.6-rc0,1529655163
SHIVA,transwarp-5.2,1531212803
SHIVA,transwarp-5.2.0-final,1528461601
SHIVA,transwarp-5.2.0-rc0,1521610840
SHIVA,transwarp-5.2.0-rc1,1524131529
SHIVA,transwarp-5.2.0-rc2,1525425907
SHIVA,transwarp-5.2.0-rc3,1526032458
SHIVA,transwarp-5.2.0-rc4,1527070351
SHIVA,transwarp-5.2.0-rc5,1527679836
SHIVA,transwarp-5.2.1-final,1532934991
SHIVA,transwarp-5.2.1-rc0,1531212803
SHIVA,transwarp-5.2.1-rc1,1531988466
SHIVA,transwarp-5.2.1-rc2,1532503537
SHIVA,transwarp-5.2.2-final,1534302874
SHIVA,transwarp-5.2.2-rc0,1533803091
SHIVA,transwarp-5.2.2-rc1,1534149696
SHIVA,transwarp-5.2.3-rc0,1541400980
SHIVA,transwarp-6.0,1540293251
SHIVA,transwarp-6.0.0-final,1536288970
SHIVA,transwarp-6.0.0-rc0,1534497653
SHIVA,transwarp-6.0.0-rc1,1534993611
SHIVA,transwarp-6.0.0-rc2,1535473677
SHIVA,transwarp-6.0.0-rc3,1535958716
SHIVA,transwarp-6.0.1-final,1541673832
SHIVA,transwarp-6.0.1-rc0,1540367760
SHIVA,transwarp-6.0.1-rc1,1540814547
SHIVA,transwarp-6.0.1-rc2,1541396852
SHIVA,transwarp-6.1,1540293251
SLIPSTREAM,4.5,1501124826
SLIPSTREAM,transwarp-5.0,1536211593
SLIPSTREAM,transwarp-5.0.0-final,1504751880
SLIPSTREAM,transwarp-5.0.0-rc5,1502528100
SLIPSTREAM,transwarp-5.0.0-rc6,1504092600
SLIPSTREAM,transwarp-5.0.0-rc7,1504352880
SLIPSTREAM,transwarp-5.0.1-final,1510568927
SLIPSTREAM,transwarp-5.0.1-rc0,1509973983
SLIPSTREAM,transwarp-5.0.1-rc1,1510141121
SLIPSTREAM,transwarp-5.1,1536211593
SLIPSTREAM,transwarp-5.1.0-final,1512387545
SLIPSTREAM,transwarp-5.1.0-rc1,1509703781
SLIPSTREAM,transwarp-5.1.0-rc2,1510135775
SLIPSTREAM,transwarp-5.1.0-rc3,1510571995
SLIPSTREAM,transwarp-5.1.0-rc4,1511429823
SLIPSTREAM,transwarp-5.1.0-rc5,1511927759
SLIPSTREAM,transwarp-5.1.0-rc6,1511953063
SLIPSTREAM,transwarp-5.1.0-rc7,1512036034
SLIPSTREAM,transwarp-5.1.1-final,1515403733
SLIPSTREAM,transwarp-5.1.1-rc0,1514284115
SLIPSTREAM,transwarp-5.1.1-rc1,1514541659
SLIPSTREAM,transwarp-5.1.1-rc2,1515124187
SLIPSTREAM,transwarp-5.1.2-final,1519632186
SLIPSTREAM,transwarp-5.1.2-rc0,1517319610
SLIPSTREAM,transwarp-5.1.2-rc1,1517562509
SLIPSTREAM,transwarp-5.1.2-rc2,1518084765
SLIPSTREAM,transwarp-5.1.2-rc3,1518430329
SLIPSTREAM,transwarp-5.1.3-final,1524829136
SLIPSTREAM,transwarp-5.1.4-final,1526702281
SLIPSTREAM,transwarp-5.1.4-rc0,1526023938
SLIPSTREAM,transwarp-5.1.4-rc1,1526464771
SLIPSTREAM,transwarp-5.1.5-final,1528459243
SLIPSTREAM,transwarp-5.1.5-rc0,1527770285
SLIPSTREAM,transwarp-5.1.6-final,1530252427
SLIPSTREAM,transwarp-5.1.6-rc0,1529655163
SLIPSTREAM,transwarp-5.2,1540383122
SLIPSTREAM,transwarp-5.2.0-final,1528461601
SLIPSTREAM,transwarp-5.2.0-rc0,1521610840
SLIPSTREAM,transwarp-5.2.0-rc1,1524131529
SLIPSTREAM,transwarp-5.2.0-rc2,1525425907
SLIPSTREAM,transwarp-5.2.0-rc3,1526032458
SLIPSTREAM,transwarp-5.2.0-rc4,1527070351
SLIPSTREAM,transwarp-5.2.0-rc5,1527679836
SLIPSTREAM,transwarp-5.2.1-final,1532934991
SLIPSTREAM,transwarp-5.2.1-rc0,1531212803
SLIPSTREAM,transwarp-5.2.1-rc1,1531988466
SLIPSTREAM,transwarp-5.2.1-rc2,1532503537
SLIPSTREAM,transwarp-5.2.2-final,1534302874
SLIPSTREAM,transwarp-5.2.2-rc0,1533803091
SLIPSTREAM,transwarp-5.2.2-rc1,1534149696
SLIPSTREAM,transwarp-5.2.3-rc0,1541400980
SLIPSTREAM,transwarp-6.0,1540383122
SLIPSTREAM,transwarp-6.0.0-final,1536288970
SLIPSTREAM,transwarp-6.0.0-rc0,1534497653
SLIPSTREAM,transwarp-6.0.0-rc1,1535283675
SLIPSTREAM,transwarp-6.0.0-rc2,1535473677
SLIPSTREAM,transwarp-6.0.0-rc3,1535958716
SLIPSTREAM,transwarp-6.0.1-final,1541673832
SLIPSTREAM,transwarp-6.0.1-rc0,1540367760
SLIPSTREAM,transwarp-6.0.1-rc1,1540814547
SLIPSTREAM,transwarp-6.0.1-rc2,1541396852
SLIPSTREAM,transwarp-6.1,1540383122
SLIPSTREAM,transwarp-ce-1.0,1536211593
SLIPSTREAM,transwarp-ce-1.0.0-final,1508493014
SLIPSTREAM,transwarp-ce-1.1,1536211593
SLIPSTREAM,transwarp-ce-1.1.0-final,1528287659
SLIPSTREAM_STUDIO,transwarp-6.0,1541666201
SLIPSTREAM_STUDIO,transwarp-6.0.0-final,1536288970
SLIPSTREAM_STUDIO,transwarp-6.0.0-rc1,1535283675
SLIPSTREAM_STUDIO,transwarp-6.0.0-rc2,1535473677
SLIPSTREAM_STUDIO,transwarp-6.0.0-rc3,1535963015
SLIPSTREAM_STUDIO,transwarp-6.0.1-final,1541673832
SLIPSTREAM_STUDIO,transwarp-6.0.1-rc0,1540367760
SLIPSTREAM_STUDIO,transwarp-6.0.1-rc1,1540814547
SLIPSTREAM_STUDIO,transwarp-6.0.1-rc2,1541396852
SLIPSTREAM_STUDIO,transwarp-6.1,1541666201
SMARTBI,transwarp-6.0,1540543782
SMARTBI,transwarp-6.0.1-final,1541673832
SMARTBI,transwarp-6.0.1-rc0,1540367760
SMARTBI,transwarp-6.0.1-rc1,1540814547
SMARTBI,transwarp-6.0.1-rc2,1541396852
SMARTBI,transwarp-6.1,1540543782
SOPHON,sophon-2.0,1540383122
SOPHON,transwarp-5.0,1510640078
SOPHON,transwarp-5.0.0-final,1504751880
SOPHON,transwarp-5.0.0-rc5,1502528100
SOPHON,transwarp-5.0.0-rc6,1504092600
SOPHON,transwarp-5.0.0-rc7,1504352880
SOPHON,transwarp-5.0.1-final,1510568927
SOPHON,transwarp-5.0.1-rc0,1509973983
SOPHON,transwarp-5.0.1-rc1,1510141121
SOPHON,transwarp-5.1,1529655163
SOPHON,transwarp-5.1.0-final,1512387545
SOPHON,transwarp-5.1.0-rc1,1509703781
SOPHON,transwarp-5.1.0-rc2,1510135775
SOPHON,transwarp-5.1.0-rc3,1510571995
SOPHON,transwarp-5.1.0-rc4,1511429823
SOPHON,transwarp-5.1.0-rc5,1511866544
SOPHON,transwarp-5.1.0-rc6,1511953063
SOPHON,transwarp-5.1.0-rc7,1512036034
SOPHON,transwarp-5.1.1-final,1515403733
SOPHON,transwarp-5.1.1-rc0,1514284115
SOPHON,transwarp-5.1.1-rc1,1514541659
SOPHON,transwarp-5.1.1-rc2,1515124187
SOPHON,transwarp-5.1.2-final,1519632186
SOPHON,transwarp-5.1.2-rc0,1517319610
SOPHON,transwarp-5.1.2-rc1,1517562509
SOPHON,transwarp-5.1.2-rc2,1518084765
SOPHON,transwarp-5.1.2-rc3,1518430329
SOPHON,transwarp-5.1.3-final,1524829136
SOPHON,transwarp-5.1.4-final,1526702281
SOPHON,transwarp-5.1.4-rc0,1526023938
SOPHON,transwarp-5.1.4-rc1,1526464771
SOPHON,transwarp-5.1.5-final,1528459243
SOPHON,transwarp-5.1.5-rc0,1527770285
SOPHON,transwarp-5.1.6-final,1530252427
SOPHON,transwarp-5.1.6-rc0,1529655163
SOPHON,transwarp-5.2,1540383122
SOPHON,transwarp-5.2.0-final,1528461601
SOPHON,transwarp-5.2.0-rc0,1521610840
SOPHON,transwarp-5.2.0-rc1,1524131529
SOPHON,transwarp-5.2.0-rc2,1525425907
SOPHON,transwarp-5.2.0-rc3,1526032458
SOPHON,transwarp-5.2.0-rc4,1527070351
SOPHON,transwarp-5.2.0-rc5,1527679836
SOPHON,transwarp-5.2.1-final,1532934991
SOPHON,transwarp-5.2.1-rc0,1531212803
SOPHON,transwarp-5.2.1-rc1,1531988466
SOPHON,transwarp-5.2.1-rc2,1532503537
SOPHON,transwarp-5.2.2-final,1534302874
SOPHON,transwarp-5.2.2-rc0,1533803091
SOPHON,transwarp-5.2.2-rc1,1534149696
SOPHON,transwarp-5.2.3-rc0,1541400980
SOPHON,transwarp-6.0.0-rc0,1534497653
SQOOP,2,1508489961
SQOOP,transwarp-5.0,1509973983
SQOOP,transwarp-5.0.0-final,1504751880
SQOOP,transwarp-5.0.0-rc5,1502528100
SQOOP,transwarp-5.0.0-rc6,1504092600
SQOOP,transwarp-5.0.0-rc7,1504352880
SQOOP,transwarp-5.0.1-final,1510568927
SQOOP,transwarp-5.0.1-rc0,1509973983
SQOOP,transwarp-5.0.1-rc1,1510141121
SQOOP,transwarp-ce-1.0,1507868987
SQOOP,transwarp-ce-1.0.0-final,1508493014
SQOOP,transwarp-ce-1.1,1522725029
SQOOP,transwarp-ce-1.1.0-final,1528287659
STELLARDB,transwarp-6.0,1540293251
STELLARDB,transwarp-6.0.0-final,1536288970
STELLARDB,transwarp-6.0.0-rc0,1534497354
STELLARDB,transwarp-6.0.0-rc1,1534993611
STELLARDB,transwarp-6.0.0-rc2,1535473677
STELLARDB,transwarp-6.0.0-rc3,1535958716
STELLARDB,transwarp-6.0.1-final,1541673832
STELLARDB,transwarp-6.0.1-rc0,1540367760
STELLARDB,transwarp-6.0.1-rc1,1540814547
STELLARDB,transwarp-6.0.1-rc2,1541396852
STELLARDB,transwarp-6.1,1540293251
TOS,1.0,1501124826
TOS,manager-6.0,1541144904
TOS,manager-6.0.1810a-final,1540190961
TOS,manager-6.0.1810a-rc0,1539618494
TOS,manager-6.0.1811a-final,1541673832
TOS,manager-6.0.1811a-rc0,1540369145
TOS,manager-6.0.1811a-rc1,1541144904
TOS,transwarp-5.0,1506700800
TOS,transwarp-5.0.0-final,1504751880
TOS,transwarp-5.0.0-rc5,1502528100
TOS,transwarp-5.0.0-rc6,1504092600
TOS,transwarp-5.0.0-rc7,1504352880
TOS,transwarp-5.0.1-final,1510568927
TOS,transwarp-5.0.1-rc0,1509973983
TOS,transwarp-5.0.1-rc1,1510141121
TOS,transwarp-5.1,1517388129
TOS,transwarp-5.1.0-final,1512387545
TOS,transwarp-5.1.0-rc1,1509703781
TOS,transwarp-5.1.0-rc2,1510135775
TOS,transwarp-5.1.0-rc3,1510571995
TOS,transwarp-5.1.0-rc4,1511429823
TOS,transwarp-5.1.0-rc5,1511866544
TOS,transwarp-5.1.0-rc6,1511953063
TOS,transwarp-5.1.0-rc7,1512036034
TOS,transwarp-5.1.1-final,1515403733
TOS,transwarp-5.1.1-rc0,1514284115
TOS,transwarp-5.1.1-rc1,1514541659
TOS,transwarp-5.1.1-rc2,1515124187
TOS,transwarp-5.1.2-final,1519632186
TOS,transwarp-5.1.2-rc0,1517456571
TOS,transwarp-5.1.2-rc1,1517562509
TOS,transwarp-5.1.2-rc2,1518084765
TOS,transwarp-5.1.2-rc3,1518430329
TOS,transwarp-5.1.3-final,1524829136
TOS,transwarp-5.1.4-final,1525860833
TOS,transwarp-5.1.4-rc0,1526023938
TOS,transwarp-5.1.4-rc1,1526464771
TOS,transwarp-5.1.5-final,1528459243
TOS,transwarp-5.1.5-rc0,1527770285
TOS,transwarp-5.1.6-final,1530252427
TOS,transwarp-5.1.6-rc0,1529655163
TOS,transwarp-5.2,1537869520
TOS,transwarp-5.2.0-final,1528461601
TOS,transwarp-5.2.0-rc0,1521610840
TOS,transwarp-5.2.0-rc1,1524131529
TOS,transwarp-5.2.0-rc2,1525425907
TOS,transwarp-5.2.0-rc3,1526032458
TOS,transwarp-5.2.0-rc4,1527070351
TOS,transwarp-5.2.0-rc5,1527679836
TOS,transwarp-5.2.1-final,1532934991
TOS,transwarp-5.2.1-rc0,1531212803
TOS,transwarp-5.2.1-rc1,1532350129
TOS,transwarp-5.2.1-rc2,1532503537
TOS,transwarp-5.2.2-final,1534302874
TOS,transwarp-5.2.2-rc0,1533803091
TOS,transwarp-5.2.2-rc1,1534149696
TOS,transwarp-5.2.3-rc0,1541400980
TOS,transwarp-6.0.0-final,1536288970
TOS,transwarp-6.0.0-rc0,1534497653
TOS,transwarp-6.0.0-rc1,1535283675
TOS,transwarp-6.0.0-rc2,1535473677
TOS,transwarp-6.0.0-rc3,1535958716
TOS,transwarp-ce-1.0,1506700800
TOS,transwarp-ce-1.0.0-final,1508493014
TOS,transwarp-ce-1.1,1522725029
TOS,transwarp-ce-1.1.0-final,1528287659
TRANSPEDIA,transwarp-5.0,1509973983
TRANSPEDIA,transwarp-5.0.0-final,1508132520
TRANSPEDIA,transwarp-5.0.0-rc5,1502528100
TRANSPEDIA,transwarp-5.0.0-rc6,1504092600
TRANSPEDIA,transwarp-5.0.0-rc7,1504352880
TRANSPEDIA,transwarp-5.0.1-final,1510568927
TRANSPEDIA,transwarp-5.0.1-rc0,1509973983
TRANSPEDIA,transwarp-5.0.1-rc1,1510141121
TRANSPORTER,5.0.0,1501124826
TRANSPORTER,transwarp-5.0,1510568927
TRANSPORTER,transwarp-5.0.0-final,1504751880
TRANSPORTER,transwarp-5.0.0-rc5,1502528100
TRANSPORTER,transwarp-5.0.0-rc6,1504092600
TRANSPORTER,transwarp-5.0.0-rc7,1504352880
TRANSPORTER,transwarp-5.0.1-final,1510568927
TRANSPORTER,transwarp-5.0.1-rc0,1509973983
TRANSPORTER,transwarp-5.0.1-rc1,1510141121
TRANSPORTER,transwarp-5.1,1529655163
TRANSPORTER,transwarp-5.1.0-final,1512387545
TRANSPORTER,transwarp-5.1.0-rc1,1511343400
TRANSPORTER,transwarp-5.1.0-rc2,1511343400
TRANSPORTER,transwarp-5.1.0-rc3,1511343400
TRANSPORTER,transwarp-5.1.0-rc4,1511429823
TRANSPORTER,transwarp-5.1.0-rc5,1511866544
TRANSPORTER,transwarp-5.1.0-rc6,1511953063
TRANSPORTER,transwarp-5.1.0-rc7,1512036034
TRANSPORTER,transwarp-5.1.1-final,1515403733
TRANSPORTER,transwarp-5.1.1-rc0,1514284115
TRANSPORTER,transwarp-5.1.1-rc1,1514541659
TRANSPORTER,transwarp-5.1.1-rc2,1515124187
TRANSPORTER,transwarp-5.1.2-final,1519632186
TRANSPORTER,transwarp-5.1.2-rc0,1517313204
TRANSPORTER,transwarp-5.1.2-rc1,1517562509
TRANSPORTER,transwarp-5.1.2-rc2,1518084765
TRANSPORTER,transwarp-5.1.2-rc3,1518430329
TRANSPORTER,transwarp-5.1.3-final,1524829136
TRANSPORTER,transwarp-5.1.4-final,1526702281
TRANSPORTER,transwarp-5.1.4-rc0,1526023938
TRANSPORTER,transwarp-5.1.4-rc1,1526464771
TRANSPORTER,transwarp-5.1.5-final,1528459243
TRANSPORTER,transwarp-5.1.5-rc0,1527770285
TRANSPORTER,transwarp-5.1.6-final,1530252427
TRANSPORTER,transwarp-5.1.6-rc0,1529655163
TRANSPORTER,transwarp-5.2,1540383122
TRANSPORTER,transwarp-5.2.0-final,1528461601
TRANSPORTER,transwarp-5.2.0-rc0,1521610840
TRANSPORTER,transwarp-5.2.0-rc1,1524131529
TRANSPORTER,transwarp-5.2.0-rc2,1525425907
TRANSPORTER,transwarp-5.2.0-rc3,1526032458
TRANSPORTER,transwarp-5.2.0-rc4,1527070351
TRANSPORTER,transwarp-5.2.0-rc5,1527679836
TRANSPORTER,transwarp-5.2.1-final,1532934991
TRANSPORTER,transwarp-5.2.1-rc0,1531212803
TRANSPORTER,transwarp-5.2.1-rc1,1532314732
TRANSPORTER,transwarp-5.2.1-rc2,1532503537
TRANSPORTER,transwarp-5.2.2-final,1534302874
TRANSPORTER,transwarp-5.2.2-rc0,1533803091
TRANSPORTER,transwarp-5.2.2-rc1,1534149696
TRANSPORTER,transwarp-5.2.3-rc0,1541400980
TRANSPORTER,transwarp-6.0,1540383122
TRANSPORTER,transwarp-6.0.0-final,1536288970
TRANSPORTER,transwarp-6.0.0-rc0,1534497653
TRANSPORTER,transwarp-6.0.0-rc1,1535283675
TRANSPORTER,transwarp-6.0.0-rc2,1535473677
TRANSPORTER,transwarp-6.0.0-rc3,1535958716
TRANSPORTER,transwarp-6.0.1-final,1541673832
TRANSPORTER,transwarp-6.0.1-rc0,1540367760
TRANSPORTER,transwarp-6.0.1-rc1,1540814547
TRANSPORTER,transwarp-6.0.1-rc2,1541396852
TRANSPORTER,transwarp-6.1,1540543551
TXSQL,1.0-tdh500,1501124826
TXSQL,transwarp-5.0,1510568927
TXSQL,transwarp-5.0.0-final,1504751880
TXSQL,transwarp-5.0.0-rc5,1502528100
TXSQL,transwarp-5.0.0-rc6,1504092600
TXSQL,transwarp-5.0.0-rc7,1504352880
TXSQL,transwarp-5.0.1-final,1510568927
TXSQL,transwarp-5.0.1-rc0,1509973983
TXSQL,transwarp-5.0.1-rc1,1510141121
TXSQL,transwarp-5.1,1529655163
TXSQL,transwarp-5.1.0-final,1512387545
TXSQL,transwarp-5.1.0-rc1,1509703781
TXSQL,transwarp-5.1.0-rc2,1510135775
TXSQL,transwarp-5.1.0-rc3,1510571995
TXSQL,transwarp-5.1.0-rc4,1511429823
TXSQL,transwarp-5.1.0-rc5,1511866544
TXSQL,transwarp-5.1.0-rc6,1511953063
TXSQL,transwarp-5.1.0-rc7,1512036034
TXSQL,transwarp-5.1.1-final,1515403733
TXSQL,transwarp-5.1.1-rc0,1514284115
TXSQL,transwarp-5.1.1-rc1,1514541659
TXSQL,transwarp-5.1.1-rc2,1515124187
TXSQL,transwarp-5.1.2-final,1519632186
TXSQL,transwarp-5.1.2-rc0,1517313204
TXSQL,transwarp-5.1.2-rc1,1517562509
TXSQL,transwarp-5.1.2-rc2,1518084765
TXSQL,transwarp-5.1.2-rc3,1518430329
TXSQL,transwarp-5.1.3-final,1524829136
TXSQL,transwarp-5.1.4-final,1526702281
TXSQL,transwarp-5.1.4-rc0,1526023938
TXSQL,transwarp-5.1.4-rc1,1526464771
TXSQL,transwarp-5.1.5-final,1528459243
TXSQL,transwarp-5.1.5-rc0,1527770285
TXSQL,transwarp-5.1.6-final,1530252427
TXSQL,transwarp-5.1.6-rc0,1529655163
TXSQL,transwarp-5.2,1534237953
TXSQL,transwarp-5.2.0-final,1528461601
TXSQL,transwarp-5.2.0-rc0,1521610840
TXSQL,transwarp-5.2.0-rc1,1524131529
TXSQL,transwarp-5.2.0-rc2,1525425907
TXSQL,transwarp-5.2.0-rc3,1526032458
TXSQL,transwarp-5.2.0-rc4,1527070351
TXSQL,transwarp-5.2.0-rc5,1527679836
TXSQL,transwarp-5.2.1-final,1532934991
TXSQL,transwarp-5.2.1-rc0,1531212803
TXSQL,transwarp-5.2.1-rc1,1531988466
TXSQL,transwarp-5.2.1-rc2,1532503537
TXSQL,transwarp-5.2.2-final,1534302874
TXSQL,transwarp-5.2.2-rc0,1533803091
TXSQL,transwarp-5.2.2-rc1,1534149696
TXSQL,transwarp-5.2.3-rc0,1541400980
TXSQL,transwarp-6.0,1539603220
TXSQL,transwarp-6.0.0-final,1536288970
TXSQL,transwarp-6.0.0-rc0,1534497354
TXSQL,transwarp-6.0.0-rc1,1534993611
TXSQL,transwarp-6.0.0-rc2,1535473677
TXSQL,transwarp-6.0.0-rc3,1535958716
TXSQL,transwarp-6.0.1-final,1541673832
TXSQL,transwarp-6.0.1-rc0,1540367760
TXSQL,transwarp-6.0.1-rc1,1540814547
TXSQL,transwarp-6.0.1-rc2,1541396852
TXSQL,transwarp-6.1,1539603220
TXSQL,transwarp-ce-1.0,1507868987
TXSQL,transwarp-ce-1.0.0-final,1508493014
TXSQL,transwarp-ce-1.1,1522725029
TXSQL,transwarp-ce-1.1.0-final,1528287659
WORKFLOW,1.0.0,1501124826
WORKFLOW,transwarp-5.0,1510568927
WORKFLOW,transwarp-5.0.0-final,1504751880
WORKFLOW,transwarp-5.0.0-rc5,1502528100
WORKFLOW,transwarp-5.0.0-rc6,1504092600
WORKFLOW,transwarp-5.0.0-rc7,1504352880
WORKFLOW,transwarp-5.0.1-final,1510568927
WORKFLOW,transwarp-5.0.1-rc0,1510229727
WORKFLOW,transwarp-5.0.1-rc1,1510141121
WORKFLOW,transwarp-5.1,1533300789
WORKFLOW,transwarp-5.1.0-final,1512387545
WORKFLOW,transwarp-5.1.0-rc1,1509703781
WORKFLOW,transwarp-5.1.0-rc2,1510135775
WORKFLOW,transwarp-5.1.0-rc3,1510571995
WORKFLOW,transwarp-5.1.0-rc4,1511429823
WORKFLOW,transwarp-5.1.0-rc5,1511866544
WORKFLOW,transwarp-5.1.0-rc6,1511953063
WORKFLOW,transwarp-5.1.0-rc7,1512036034
WORKFLOW,transwarp-5.1.1-final,1515403733
WORKFLOW,transwarp-5.1.1-rc0,1514284115
WORKFLOW,transwarp-5.1.1-rc1,1514541659
WORKFLOW,transwarp-5.1.1-rc2,1515124187
WORKFLOW,transwarp-5.1.2-final,1519632186
WORKFLOW,transwarp-5.1.2-rc0,1517313204
WORKFLOW,transwarp-5.1.2-rc1,1517562509
WORKFLOW,transwarp-5.1.2-rc2,1518084765
WORKFLOW,transwarp-5.1.2-rc3,1518430329
WORKFLOW,transwarp-5.1.3-final,1524829136
WORKFLOW,transwarp-5.1.4-final,1526702281
WORKFLOW,transwarp-5.1.4-rc0,1526023938
WORKFLOW,transwarp-5.1.4-rc1,1526464771
WORKFLOW,transwarp-5.1.5-final,1528459243
WORKFLOW,transwarp-5.1.5-rc0,1527770285
WORKFLOW,transwarp-5.1.6-final,1530252427
WORKFLOW,transwarp-5.1.6-rc0,1529655163
WORKFLOW,transwarp-5.2,1540383122
WORKFLOW,transwarp-5.2.0-final,1528461601
WORKFLOW,transwarp-5.2.0-rc0,1521610840
WORKFLOW,transwarp-5.2.0-rc1,1524131529
WORKFLOW,transwarp-5.2.0-rc2,1525425907
WORKFLOW,transwarp-5.2.0-rc3,1526032458
WORKFLOW,transwarp-5.2.0-rc4,1527070351
WORKFLOW,transwarp-5.2.0-rc5,1527679836
WORKFLOW,transwarp-5.2.1-final,1532934991
WORKFLOW,transwarp-5.2.1-rc0,1531212803
WORKFLOW,transwarp-5.2.1-rc1,1531988466
WORKFLOW,transwarp-5.2.1-rc2,1532503537
WORKFLOW,transwarp-5.2.2-final,1534302874
WORKFLOW,transwarp-5.2.2-rc0,1533803091
WORKFLOW,transwarp-5.2.2-rc1,1534149696
WORKFLOW,transwarp-5.2.3-rc0,1541400980
WORKFLOW,transwarp-6.0,1541648263
WORKFLOW,transwarp-6.0.0-final,1536288970
WORKFLOW,transwarp-6.0.0-rc0,1534497653
WORKFLOW,transwarp-6.0.0-rc1,1534993611
WORKFLOW,transwarp-6.0.0-rc2,1535473677
WORKFLOW,transwarp-6.0.0-rc3,1535958716
WORKFLOW,transwarp-6.0.1-final,1541673832
WORKFLOW,transwarp-6.0.1-rc0,1540367760
WORKFLOW,transwarp-6.0.1-rc1,1540814547
WORKFLOW,transwarp-6.0.1-rc2,1541396852
WORKFLOW,transwarp-6.1,1541648263
WORKFLOW,transwarp-ce-1.0,1507868987
WORKFLOW,transwarp-ce-1.0.0-final,1508574093
WORKFLOW,transwarp-ce-1.1,1522725029
WORKFLOW,transwarp-ce-1.1.0-final,1528287659
YARN,2.5.2,1501124826
YARN,transwarp-5.0,1535801771
YARN,transwarp-5.0.0-final,1504751880
YARN,transwarp-5.0.0-rc5,1502528100
YARN,transwarp-5.0.0-rc6,1504092600
YARN,transwarp-5.0.0-rc7,1504352880
YARN,transwarp-5.0.1-final,1510568927
YARN,transwarp-5.0.1-rc0,1509973983
YARN,transwarp-5.0.1-rc1,1510141121
YARN,transwarp-5.1,1535801771
YARN,transwarp-5.1.0-final,1512387545
YARN,transwarp-5.1.0-rc1,1509703781
YARN,transwarp-5.1.0-rc2,1510135775
YARN,transwarp-5.1.0-rc3,1510571995
YARN,transwarp-5.1.0-rc4,1511429823
YARN,transwarp-5.1.0-rc5,1511866544
YARN,transwarp-5.1.0-rc6,1511953063
YARN,transwarp-5.1.0-rc7,1512036034
YARN,transwarp-5.1.1-final,1515403733
YARN,transwarp-5.1.1-rc0,1514284115
YARN,transwarp-5.1.1-rc1,1514541659
YARN,transwarp-5.1.1-rc2,1515124187
YARN,transwarp-5.1.2-final,1519632186
YARN,transwarp-5.1.2-rc0,1517313204
YARN,transwarp-5.1.2-rc1,1517562509
YARN,transwarp-5.1.2-rc2,1518098745
YARN,transwarp-5.1.2-rc3,1518430329
YARN,transwarp-5.1.3-final,1524829136
YARN,transwarp-5.1.4-final,1526702281
YARN,transwarp-5.1.4-rc0,1526023938
YARN,transwarp-5.1.4-rc1,1526464771
YARN,transwarp-5.1.5-final,1528459243
YARN,transwarp-5.1.5-rc0,1527770285
YARN,transwarp-5.1.6-final,1530252427
YARN,transwarp-5.1.6-rc0,1529655163
YARN,transwarp-5.2,1540383122
YARN,transwarp-5.2.0-final,1528461601
YARN,transwarp-5.2.0-rc0,1521610840
YARN,transwarp-5.2.0-rc1,1524131529
YARN,transwarp-5.2.0-rc2,1525425907
YARN,transwarp-5.2.0-rc3,1526032458
YARN,transwarp-5.2.0-rc4,1527070351
YARN,transwarp-5.2.0-rc5,1527679836
YARN,transwarp-5.2.1-final,1532934991
YARN,transwarp-5.2.1-rc0,1531212803
YARN,transwarp-5.2.1-rc1,1531988466
YARN,transwarp-5.2.1-rc2,1532503537
YARN,transwarp-5.2.2-final,1534302874
YARN,transwarp-5.2.2-rc0,1533803091
YARN,transwarp-5.2.2-rc1,1534149696
YARN,transwarp-5.2.3-rc0,1541400980
YARN,transwarp-6.0,1540383122
YARN,transwarp-6.0.0-final,1536288970
YARN,transwarp-6.0.0-rc0,1534497653
YARN,transwarp-6.0.0-rc1,1534993611
YARN,transwarp-6.0.0-rc2,1535473677
YARN,transwarp-6.0.0-rc3,1535958716
YARN,transwarp-6.0.1-final,1541673832
YARN,transwarp-6.0.1-rc0,1540367760
YARN,transwarp-6.0.1-rc1,1540814547
YARN,transwarp-6.0.1-rc2,1541396852
YARN,transwarp-6.1,1540383122
YARN,transwarp-ce-1.0,1515050923
YARN,transwarp-ce-1.0.0-final,1508493014
YARN,transwarp-ce-1.1,1522725029
YARN,transwarp-ce-1.1.0-final,1528287659
ZOOKEEPER,3.4.5,1501124826
ZOOKEEPER,transwarp-5.0,1510568927
ZOOKEEPER,transwarp-5.0.0-final,1504751880
ZOOKEEPER,transwarp-5.0.0-rc5,1502528100
ZOOKEEPER,transwarp-5.0.0-rc6,1504092600
ZOOKEEPER,transwarp-5.0.0-rc7,1504352880
ZOOKEEPER,transwarp-5.0.1-final,1510568927
ZOOKEEPER,transwarp-5.0.1-rc0,1509973983
ZOOKEEPER,transwarp-5.0.1-rc1,1510141121
ZOOKEEPER,transwarp-5.1,1529655163
ZOOKEEPER,transwarp-5.1.0-final,1512387545
ZOOKEEPER,transwarp-5.1.0-rc1,1509703781
ZOOKEEPER,transwarp-5.1.0-rc2,1510135775
ZOOKEEPER,transwarp-5.1.0-rc3,1510571995
ZOOKEEPER,transwarp-5.1.0-rc4,1511429823
ZOOKEEPER,transwarp-5.1.0-rc5,1511866544
ZOOKEEPER,transwarp-5.1.0-rc6,1511953063
ZOOKEEPER,transwarp-5.1.0-rc7,1512036034
ZOOKEEPER,transwarp-5.1.1-final,1515403733
ZOOKEEPER,transwarp-5.1.1-rc0,1514284115
ZOOKEEPER,transwarp-5.1.1-rc1,1514541659
ZOOKEEPER,transwarp-5.1.1-rc2,1515124187
ZOOKEEPER,transwarp-5.1.2-final,1519632186
ZOOKEEPER,transwarp-5.1.2-rc0,1517313204
ZOOKEEPER,transwarp-5.1.2-rc1,1517562509
ZOOKEEPER,transwarp-5.1.2-rc2,1518084765
ZOOKEEPER,transwarp-5.1.2-rc3,1518430329
ZOOKEEPER,transwarp-5.1.3-final,1524829136
ZOOKEEPER,transwarp-5.1.4-final,1526702281
ZOOKEEPER,transwarp-5.1.4-rc0,1526023938
ZOOKEEPER,transwarp-5.1.4-rc1,1526464771
ZOOKEEPER,transwarp-5.1.5-final,1528459243
ZOOKEEPER,transwarp-5.1.5-rc0,1527770285
ZOOKEEPER,transwarp-5.1.6-final,1530252427
ZOOKEEPER,transwarp-5.1.6-rc0,1529655163
ZOOKEEPER,transwarp-5.2,1540383122
ZOOKEEPER,transwarp-5.2.0-final,1528461601
ZOOKEEPER,transwarp-5.2.0-rc0,1521610840
ZOOKEEPER,transwarp-5.2.0-rc1,1524131529
ZOOKEEPER,transwarp-5.2.0-rc2,1525425907
ZOOKEEPER,transwarp-5.2.0-rc3,1526032458
ZOOKEEPER,transwarp-5.2.0-rc4,1527070351
ZOOKEEPER,transwarp-5.2.0-rc5,1527679836
ZOOKEEPER,transwarp-5.2.1-final,1532934991
ZOOKEEPER,transwarp-5.2.1-rc0,1531212803
ZOOKEEPER,transwarp-5.2.1-rc1,1531988466
ZOOKEEPER,transwarp-5.2.1-rc2,1532503537
ZOOKEEPER,transwarp-5.2.2-final,1534302874
ZOOKEEPER,transwarp-5.2.2-rc0,1533803091
ZOOKEEPER,transwarp-5.2.2-rc1,1534149696
ZOOKEEPER,transwarp-5.2.3-rc0,1541400980
ZOOKEEPER,transwarp-6.0,1539603220
ZOOKEEPER,transwarp-6.0.0-final,1536288970
ZOOKEEPER,transwarp-6.0.0-rc0,1534497354
ZOOKEEPER,transwarp-6.0.0-rc1,1534993611
ZOOKEEPER,transwarp-6.0.0-rc2,1535473677
ZOOKEEPER,transwarp-6.0.0-rc3,1535958716
ZOOKEEPER,transwarp-6.0.1-final,1541673832
ZOOKEEPER,transwarp-6.0.1-rc0,1540367760
ZOOKEEPER,transwarp-6.0.1-rc1,1540814547
ZOOKEEPER,transwarp-6.0.1-rc2,1541396852
ZOOKEEPER,transwarp-6.1,1539603220
ZOOKEEPER,transwarp-ce-1.0,1509695777
ZOOKEEPER,transwarp-ce-1.0.0-final,1508493014
ZOOKEEPER,transwarp-ce-1.1,1522725029
ZOOKEEPER,transwarp-ce-1.1.0-final,1528287659
